NOMBRE,DESCRIPCION-ENTIDAD,HORARIO,EQUIPAMIENTO,TRANSPORTE,DESCRIPCION,ACCESIBILIDAD,CONTENT-URL,NOMBRE-VIA,CLASE-VIAL,ADDRESS,LOCALIDAD,PROVINCIA,CODIGO-POSTAL,COD-BARRIO,BARRIO,COD-DISTRITO,DISTRITO,COORDENADA-X,COORDENADA-Y,LATITUD,LONGITUD,TELEFONO,FAX,EMAIL,TIPO
Fuente del Rey House-Museum,"Fundación AMYC - Fran Daurel  Este museo,  situado en Aravaca y conocido también como Casa - Museo Fuente del Rey. Fundación AMYC, ofrece al visitante una colección de más de 250 obras entre pinturas, dibujos y esculturas (198 pinturas, 37 esculturas y 27 dibujos) realizadas desde mediados del siglo XIX hasta principios del XXI. Se exponen piezas de grandes artistas modernistas e impresionistas como Sorolla, Mariano Fortuny, Nonell, Rusiñol, Ramón Casas, Mir, Rendir, Gargallo, Joseph Llimona, Joan Miró, Salvador Dalí, Tapies, Anglada Camarasa o Torres García, entre otros. La colección está formada por los fondos privados del coleccionista y mecenas Francisco Daurella y se muestra en lo que fue su casa. Los más de 3000 metros cuadrados del edificio así como su jardín, han sido rehabilitados para poder acoger las obras en el que es el primer museo de la capital dedicado en exclusiva al arte catalán.",De lunes a viernes de 10:00 a 19:00 horas. Visitas guiadas concertadas Agosto cerrado,,,,3,http://www.madrid.es/sites/v/index.jsp?vgnextchannel=bfa48ab43d6bb410VgnVCM100000171f5a0aRCRD&vgnextoid=5c1260101310f210VgnVCM1000000b205a0aRCRD,portal del Rey,CALLE,Número: 11,Madrid,Community of Madrid,28023,7,Aravaca,9,Moncloa-Aravaca,434663,4478596,40.45546866305681,-3.7705716814130965,913 579 116,,info@fundaciofrandaurel.com,/contenido/entidadesYorganismos/FundacionesCulturales
House-Museum of Lope de Vega,"'Mi casilla, mi quietud, mi g&amp;uuml;ertecillo y estudio'. Así define su casa Félix Lope de Vega (1562-1635) en una carta dirigida a un amigo. Situada en pleno centro histórico, en el Barrio de las Letras, la Casa Museo Lope de Vega se ubica en el edificio donde el escritor vivió sus últimos 25 años. La recreación de ambientes, cuyo objetivo es que se respire la presencia de Lope, evoca la vida cotidiana del Siglo de Oro y nos acerca a su intimidad. El equipamiento de la casa incorpora obras de arte, mobiliario, enseres y ediciones bibliográficas vinculadas al literato y su tiempo.","De martes a domingo, de 10 a 18 horas.  Cerrado los lunes, días 1 y 6 de enero, 1 de mayo, 9 de noviembre y 24, 25 y 31 de diciembre.",,"Metro: Antón Martín (línea 1), Sevilla (línea 2), Sol (líneas 1, 2 y 3).",,"0,4",http://www.madrid.es/sites/v/index.jsp?vgnextchannel=bfa48ab43d6bb410VgnVCM100000171f5a0aRCRD&vgnextoid=4eff8c46145e8110VgnVCM2000000c205a0aRCRD,CERVANTES,CALLE,Número: 11,Madrid,Community of Madrid,28014,3,Cortes,1,Centro,440825,4473983,40.41436862259971,-3.6974667215860615,914 299 216,,casamuseolopedevega@madrid.org,/contenido/entidadesYorganismos/Museos
Casita Museo de Ratón Pérez,"La Casita-Museo constituye un espacio singular y diferente en el que conviven magia y cultura. Nos habla de un inmenso valor: la fraternidad humana, y posibilita que niños y mayores puedan conocer y acercarse a este madrileño querido por todos, generando la ilusión de cuantos la visitan.   La CMRP da la bienvenida a cuantos visitantes de múltiples procedencias, nacional e internacional, familias y grupos escolares acuden para conocer y encontrarse con este personaje único, madrileño y universal.   El Museo: &amp;ldquo;Pequeño por fuera, grande por dentro, como su dueño&amp;rdquo;.    Duración de la visita: 40 minutos.",Visitas: horarios y reservas.,,"Metro: Sol (líneas: 1, 2 y 3), Ópera (líneas 2, 5 y Ramal Ópera Príncipe Pío), Callao (líneas 3, 5).  Cercanías Renfe: Sol (líneas C3, C4, C4a, C4b y Regional).","Se aconseja acudan con la entrada adquirida anticipadamente.   En taquilla.  Whatsapp (634 74 27 68)  No se reservan entradas por correo electrónico, toda información que necesite sobre entradas podrá hacerlo vía whatsapp. Se aconseja reservar con antelación, ESPECIALMENTE los FINES DE SEMANA.",0,http://www.madrid.es/sites/v/index.jsp?vgnextchannel=bfa48ab43d6bb410VgnVCM100000171f5a0aRCRD&vgnextoid=990950e86d4ca110VgnVCM2000000c205a0aRCRD,ARENAL,CALLE,Número: 8. Planta: 1.ª,Madrid,Community of Madrid,28013,6,Sol,1,Centro,440144,4474287,40.4170597715272,-3.7055199334442492,915 226 968,,info@casamuseoratonperez.es,/contenido/entidadesYorganismos/Museos
castle of La Alameda,"El Castillo de la Alameda o de Barajas es uno de los escasos vestigios de la arquitectura militar del pasado siglo XV y uno de los pocos castillos que ha sobrevivido al paso del tiempo. Bajo él y su entorno, existen restos de asentamientos antiguos desde la Edad del Bronce hasta la Época Romana.","Abierto solo en fin de semana (sábado y domingo) y festivos (excepto lunes festivos)  Del 1 de abril al 14 de junio de 10 a 21 horas. Del 15 de junio al 15 de septiembre de 10 a 20 horas. Del 16 al 30 de septiembre de 10 a 21 horas. De octubre a marzo de 10 a 18 horas.  Cerrado: 1 y 6 de enero, 1 de mayo, 24, 25 y 31 de diciembre.",Zona wifi.,Metro: Alameda de Osuna y El Capricho (línea 5).,Accesibilidad   Rampas de acceso (las rampas de acceso en estos momentos están inhabilitadas) Aseos adaptados para personas con movilidad reducida. Información en Braille para personas con discapacidad visual.,"1,6",http://www.madrid.es/sites/v/index.jsp?vgnextchannel=bfa48ab43d6bb410VgnVCM100000171f5a0aRCRD&vgnextoid=fe43c4be8e688210VgnVCM1000000b205a0aRCRD,ANTONIO SANCHA,CALLE,Número: 1,Madrid,Community of Madrid,28042,1,Alameda de Osuna,21,Barajas,449698,4478802,40.45836469361315,-3.5932763223327178,913 667 415,,castilloalameda@madrid.es,/contenido/entidadesYorganismos/MonumentosEdificiosArtisticos
Casón del Buen Retiro,"El Centro de Estudios del Prado está ubicado en el Casón del Buen Retiro, que aloja además la Biblioteca, el Archivo, el Centro de Documentación y los Departamentos de Conservación del Museo Nacional del Prado.",,,"Metro: Estación del Arte (línea 1), Banco de España (línea 2).  Cercanías Renfe:  Atocha (líneas C1, C2, C3, C4, C4a, C4b, C5, C7 y C10).","Descripción monumental  El Casón o Salón de Baile es el único volumen que permanece del antiguo Palacio del buen Retiro, ejecutado en 1637 con un proyecto de Alonso Carbonel. Aún se conserva la bóveda de cañon con lunetas, pintada al fresco por Lucas Jordán en 1692 con la Alegoría del Toisón de Oro. Su fachada principal, a poniente, arrasada la primitiva en 1886 por un ciclón, es de Velázquez Bosco. La última rehabilitación ha sido realizada por Jaime Torruell.",1,http://www.madrid.es/sites/v/index.jsp?vgnextchannel=bfa48ab43d6bb410VgnVCM100000171f5a0aRCRD&vgnextoid=f0443d0b5e71c010VgnVCM1000000b205a0aRCRD,Calle de Alfonso XII,CALLE,Número: 28,Madrid,Community of Madrid,28014,5,Jerónimos,3,Retiro,441525,4474078,40.41527545361461,-3.689222446432277,913 302 821,,centro.estudios@museodelprado.es,/contenido/entidadesYorganismos/MonumentosEdificiosArtisticos
Museo de Artes y Tradiciones Populares,,"Lunes a viernes de 10 a 20 horas. Sábados de 10 a 14 horas. Cerrado domingos, festivos y mes de agosto, 24 y 31 diciembre.",Las visitas individuales (grupos inferiores a 7 personas) no necesitan reserva previa. Reservas (Grupos de 8 a 20 personas máximo) a través de visitas.atp@uam.es o en el telefóno 914 976 500,Metro: La Latina (línea 5),,3,http://www.madrid.es/sites/v/index.jsp?vgnextchannel=bfa48ab43d6bb410VgnVCM100000171f5a0aRCRD&vgnextoid=5c39ef4d7f71c010VgnVCM1000000b205a0aRCRD,"Calle de Carlos Arniches, Madrid",CALLE,Número: 3,Madrid,Community of Madrid,28005,2,Embajadores,1,Centro,439899,4473375,40.408827275648434,-3.7083241323093614,914 976 500,,museoatp@uam.es / lacorrala@uam.es,/contenido/entidadesYorganismos/Museos
Ermita de San Antonio de la Florida (Museo),"Ermita dedicada a San Antonio de Padua y pequeño museo. Las pinturas murales que la decoran son de Francisco de Goya. Alberga los restos mortales del artista desde 1919. Para preservar sus pinturas, en 1929 se trasladó el culto a una ermita gemela construida a su lado, dejando el edificio original como museo.","General   De martes a domingos de 9:30 a 20 horas.   Verano (del 15 de junio al 15 de septiembre)   De martes a domingo de 9:30 a 19 horas.   Cerrado:  lunes (incluidos festivos), 1 y 6 de enero, 1 de mayo, 24, 25 y 31 de diciembre.  Último pase de visita: 20 minutos antes del cierre (el desalojo de las salas comenzará 10 minutos antes) Este horario y la apertura de salas pueden sufrir modificaciones.","Tienda, en la que se pueden adquirir las guías y publicaciones sobre la ermita editadas por el Museo y otros organismos públicos, así como catálogos y publicaciones de instituciones culturales del Ayuntamiento de Madrid.","Metro: Príncipe Pío (líneas 5, 10 y ramal Ópera - Príncipe Pío)  Bus: 41, 46 y 75 (Intercambiador Príncipe Pío)  Renfe: Príncipe Pío  BICIMAD: Estación 161 (Paseo de la Florida 8)",,"2,6",http://www.madrid.es/sites/v/index.jsp?vgnextchannel=bfa48ab43d6bb410VgnVCM100000171f5a0aRCRD&vgnextoid=75950204770e7310VgnVCM2000000c205a0aRCRD,SAN ANTONIO DE LA FLORIDA,GLORIETA,Número: 5,Madrid,Community of Madrid,28008,1,Casa de Campo,9,Moncloa-Aravaca,438439,4475212,40.425256682855846,-3.725725718176111,915 420 722 o 683 429 760,,sanantonio@madrid.es,/contenido/entidadesYorganismos/MonumentosEdificiosArtisticos
Espacio Fundación Telefónica,,"Martes, miércoles, jueves y viernes de 11 a 20 horas. Sábados, domingo y festivos, de 11 a 20 horas. Cerrado al público todos los lunes y los días 25 de diciembre y 1 y 6 de enero.",,"Metro: Gran Vía (líneas 1 y 5).  Aparcamientos: Barco 1 (88), Calle Barco; Pedro Zerolo (71), plaza Pedro Zerolo sin número; plaza del Carmen (8).",,"1,6",http://www.madrid.es/sites/v/index.jsp?vgnextchannel=bfa48ab43d6bb410VgnVCM100000171f5a0aRCRD&vgnextoid=87748ed67151c010VgnVCM2000000c205a0aRCRD,calle de Fuencarral,CALLE,Número: 3,Madrid,Community of Madrid,28004,5,Universidad,1,Centro,440480,4474658,40.42042493125648,-3.701594573150366,914 984 273 (información general) / 679 765 254 (visitas guiadas y talleres educativos),,espacio@fundaciontelefonica.com,/contenido/entidadesYorganismos/Museos
Frontón Beti Jai,"Beti Jai es el último de los frontones monumentales de Madrid. Construido en 1894, en pleno auge del juego de pelota vasca, este proyecto del arquitecto Joaquín Rucoba combina diferentes lenguajes arquitectónicos (neoclásico, neomudéjar, etc) que a su vez conviven con elementos característicos de la arquitectura del hierro, vinculada a la Revolución Industrial.","De martes a domingo, de 10 a 14 horas.    Cerrado los días 25 de  diciembre y 1 de enero,",,"Metro: Rubén Darío (línea 5) / Alonso Martínez (líneas 4, 5 y 10)",,1,http://www.madrid.es/sites/v/index.jsp?vgnextchannel=bfa48ab43d6bb410VgnVCM100000171f5a0aRCRD&vgnextoid=f4e1273c8ff5e810VgnVCM1000001d4a900aRCRD,"Calle del Marqués del Riscal, Madrid",CALLE,Número: 7,Madrid,Community of Madrid,28010,4,Almagro,7,Chamberí,441375,4475788,40.4306688171435,-3.6911570649287717,,,,/contenido/entidadesYorganismos/Museos
Galería de la Colecciones Reales,"Un museo en un magnífico edificio del siglo XXI que pone a disposición de sus visitantes una selección de las colecciones reunidas por los sucesivos reyes de España a lo largo de los últimos cinco siglos, pertenecientes en la actualidad al Estado español y cuyo cuidado, conservación y difusión es responsabilidad de Patrimonio Nacional, institución adscrita como organismo autónomo al Ministerio de Presidencia, Justicia y Relaciones con las Cortes. Con un relato ordenado cronológicamente, desde el fin de la Edad Media hasta nuestros días, la Galería ofrece un interesante diálogo entre piezas: el que conforman las pinturas de grandes maestros como Juan de Flandes, Velázquez, Caravaggio, Bernini o Goya, con los más exquisitos ejemplos de artes decorativas, mobiliario, libros, instrumentos musicales, armaduras o tapices.  La Galería de las Colecciones Reales, inaugurada en el verano de 2023, nace con la vocación de ser el mejor escaparate para los palacios, monasterios, iglesias, montes y patronatos que gestiona Patrimonio Nacional, fascinantes escenarios de poder y centros de actividad política, saber y espiritualidad, ubicados en 6 comunidades autónomas. Conjuntos monumentales como el Palacio Real de Madrid, los palacios de La Granja de San Ildefonso o de Aranjuez; el Real Monasterio de San Lorenzo de El Escorial o el Monasterio de las Descalzas Reales, muchos de ellos dotados de ricas bibliotecas y archivos, convertidos hoy en lugares imprescindibles de consulta y conocimiento, tienen su presencia en la Galería.  De este modo, la Galería se concibe como un complemento a los Reales Sitios, donde las piezas, que en ellos se conservan y exponen en su contexto, puedan ser admiradas de otra forma: ordenadas cronológicamente, en relación con otras objetos de su misma época, y en constante rotación, para que en la exposición permanente puedan integrarse bienes culturales de todo el Patrimonio Nacional.","De lunes a sábado, de 10 a 20 horas  Domingos y festivos, de 10 a 19 horas   Horarios gratuitos: de lunes a jueves, de 18 a 20 horas    Horario reducido: 24 y 31 de diciembre, de 10 a 15 horas   Cerrado: 1 y 6 de enero, 1 de mayo y 25 de diciembre",,"Metro: Ópera (líneas 2 y 5), Plaza de España (líneas 2, 3 y 10) y Príncipe Pío (líneas 6 y 10)  Cercanías Renfe:?Príncipe Pío (líneas C7 y C10)",Tarifas   Visitas   Visita accesible,"1,4,5,6",http://www.madrid.es/sites/v/index.jsp?vgnextchannel=bfa48ab43d6bb410VgnVCM100000171f5a0aRCRD&vgnextoid=a46206f392a7e810VgnVCM2000001f4a900aRCRD,Bailén street,CALLE,Número: 0,Madrid,Community of Madrid,28013,1,Palacio,1,Centro,439542,4474839,40.42199428916459,-3.7126736761494654,918 403 883,,,/contenido/entidadesYorganismos/MonumentosEdificiosArtisticos
Imprenta Municipal-Artes del Libro,"La Imprenta Municipal-Artes del Libro, inaugurada como museo en diciembre de 2011, ofrece a la ciudadanía contenidos culturales ligados a la historia de la imprenta, del libro y de las artes asociadas a ellos. El precedente de esta institución se encuentra en la Imprenta Artesanal.  Su colección posee más de 3000 piezas procedentes de las artes gráficas. Mantiene además los talleres profesionales con impresión tipográfica y encuadernación artística y artesanal. El edificio, construcción de carácter racionalista terminada en 1933 y realizada por Javier Ferrero Lluisá y Luis Bellido, comparte entorno con algunos edificios y espacios relevantes de la ciudad.","De martes a domingos y festivos: de 10 a 20 horas.  Semana de San Isidro:  de martes a domingo de 10 a 19 horas.   Verano: del 15 de junio al 15 de septiembre, de martes a domingos y festivos de 10 a 19 horas.   Cerrado: todos lunes y los días 1 y 6 de enero, 1 de mayo y 24, 25 y 31 de diciembre.",Salón de actos. Biblioteca especializada y Centro de Documentación (consulta de fondos por investigadores previa cita). Préstamo para exposiciones. Venta de publicaciones. Zona wifi.,"Metro: Sol, Tirso de Molina, Latina Bus: 3, 6, 17, 18, 23, 26, 31, 32, 35, 50, 51, 60, 65, M-1 Cercanías Renfe: Sol BICIMAD: Estación 40 (Plaza de Romanones 9)",,"1,6",http://www.madrid.es/sites/v/index.jsp?vgnextchannel=bfa48ab43d6bb410VgnVCM100000171f5a0aRCRD&vgnextoid=26a38ed67151c010VgnVCM2000000c205a0aRCRD,calle de la Concepción Jerónima,CALLE,Número: 15,Madrid,Community of Madrid,28012,2,Embajadores,1,Centro,440146,4473936,40.413896825498995,-3.7054692169323364,"Lunes a viernes de 9 a 15 h: 914 294 271
Lunes a viernes de 15 a 20 h: 914 777 549
Fin de semana de 10 a 20 h: 914 777 549",,imprentamunicipal@madrid.es,/contenido/entidadesYorganismos/Museos
La Casa Encendida de la Fundación Montemadrid,"Edificio de carácter monumental. De estilo neomudéjar, fue diseñado por el arquitecto Fernando Arbós e inaugurado en el año 1913. Cuenta con más de 6000 metros cuadrados de instalaciones divididas en 4 plantas y una azotea. Centro social y cultural.",De martes a sábado: de 10 a 21 horas. Domingos: de 10 a 16 horas. Cierre de salas de exposición: 15 minutos antes de la hora de cierre del centro.,"Biblioteca, mediateca, hemeroteca, espacio para el voluntariado Cafetería Terraza &amp;ndash; café bar Visitas guiadas","Metro: Embajadores (línea 3), Lavapies (línea 3) y Atocha (línea 1)  Cercanías Renfe: Embajadores (línea C5)",,"1,4,6",http://www.madrid.es/sites/v/index.jsp?vgnextchannel=bfa48ab43d6bb410VgnVCM100000171f5a0aRCRD&vgnextoid=c27f8899fc81c010VgnVCM1000000b205a0aRCRD,VALENCIA,CALLE,Número: 2,Madrid,Community of Madrid,28012,2,Embajadores,1,Centro,440526,4473304,40.408231879769815,-3.7009306399513022,915 062 180,,,/contenido/entidadesYorganismos/MonumentosEdificiosArtisticos
Convent of Las Descalzas Reales,"Un espacio único para evocar a los Austrias españoles de los siglos XVI y XVII  El Monasterio de las Descalzas Reales, en pleno corazón de Madrid, constituye un espacio de culto y tranquilidad donde el visitante puede observar el contraste con el bullicio de la capital. Fue voluntad de su fundadora, Juana de Austria (1535-1573), hija menor del Emperador Carlos V y princesa de Portugal, convertir el palacio en el que ella misma nació, y que pertenecía al tesorero de su padre, en un monasterio de monjas clarisas. En él instaló sus aposentos tras su regreso de Portugal, y en la capilla que ocupa el mismo espacio en el que vino al mundo descansa su cuerpo.","Solo visitas guiadas:    De martes a sábado, de 10 a 14 horas (acceso hasta las 13 horas) y de 16 a 18:30 horas (acceso hasta las 17:30 horas)  Domingos y festivos: Monasterio, de 10 a 15 horas (acceso hasta las 14 horas)  Cierre semanal: lunes durante todo el año  Acceso gratuito: miércoles y jueves,?de 16 a 18:30 horas (último acceso a las 17:30 horas)",,"Metro: Sol (líneas 1, 2 y 3), Callao (líneas 3 y 5) y Ópera (líneas 2, 5 y Ramal Ópera-Príncipe Pío)  Cercanías Renfe: Sol (C3 y C4)",,3,http://www.madrid.es/sites/v/index.jsp?vgnextchannel=bfa48ab43d6bb410VgnVCM100000171f5a0aRCRD&vgnextoid=12e113db5b71c010VgnVCM1000000b205a0aRCRD,DESCALZAS,PLAZA,Número: 3,Madrid,Community of Madrid,28013,6,Sol,1,Centro,440087,4474418,40.4182401043926,-3.7062038988539387,,,,/contenido/entidadesYorganismos/MonumentosEdificiosArtisticos
Museo ABC,"Centro de arte, dibujo e ilustración. El Museo ABC se integra en las entrañas históricas de la ciudad, en directa relación con el barrio, de forma que desde sus inicios se plantea como un centro vivo, próximo a la sociedad y de divulgación y conservación del tesoro artístico que encierra. Desde enero de 2023, el Museo ABC comparte el espacio del edificio con el Centro Cultural Clara del Rey, perteneciente al Ayuntamiento de Madrid. De esta manera, a partir de ahora el edificio se denomina Centro Cultural Clara del Rey &amp;ndash; Museo ABC.","Horario sala de exposiciones:  Martes a sábado, de 11 a 14 y de 16 a 20 horas. Lunes y domingo, cerrado.",,"Metro: San Bernardo (líneas 2, 4), Noviciado (línea 2), Ventura Rodríguez (línea 3), Plaza de España (líneas 3, 10)",Visitas guiadas para grupos: gratuitas. Reserva de día y hora en info_museo@abc.es. Grupos máximo 20 personas.,1,http://www.madrid.es/sites/v/index.jsp?vgnextchannel=bfa48ab43d6bb410VgnVCM100000171f5a0aRCRD&vgnextoid=f0103fee6537c210VgnVCM1000000b205a0aRCRD,calle de Amaniel,CALLE,Número: 29,Madrid,Community of Madrid,28015,5,Universidad,1,Centro,439813,4475439,40.42741340671151,-3.7095381101739444,917 588 379,,info_museo@abc.es,/contenido/entidadesYorganismos/Museos
Museo Africano Misioneros Combonianos,,"Visitas:   Individuales: domingos, visita guiada a las 11:30 horas. (No es necesario cita previa).  Grupos: de lunes a viernes de 9:30 a 13 horas. Es necesario cita previa, en el teléfono 91 415 24 12 o desde el formulario de contacto.",,Metro: Arturo Soria (L4),,3,http://www.madrid.es/sites/v/index.jsp?vgnextchannel=bfa48ab43d6bb410VgnVCM100000171f5a0aRCRD&vgnextoid=6ab8ef4d7f71c010VgnVCM1000000b205a0aRCRD,calle de Arturo Soria,CALLE,Número: 101,Madrid,Community of Madrid,28043,6,San Juan Bautista,15,Ciudad Lineal,444755,4477849,40.44946738556641,-3.651489872602189,914 152 412,,,/contenido/entidadesYorganismos/Museos
National Archaeological Museum,"Fundado en 1867, el MAN se inauguró en 1895 en su actual sede, el Palacio de Biblioteca y Museos, edificio proyectado por Francisco Jareño y terminado por Antonio Ruiz de Salces.","De martes a sábado de 9:30 a 20 horas. Domingos y festivos de 9:30 a 15 horas.   Cerrado:   Todos los lunes del año. 1 y 6 de enero, 1 de mayo y 24, 25 y 31 de diciembre.",El Museo ofrece a los visitantes las siguientes facilidades para hacer la visita:   Punto de información  Punto de encuentro  Guardarropa y Consigna  Cambiadores de bebé  Sala de lactancia  Sillas de bebé  Fuente de agua  Tablillas para escribir  Guía multimedia  Información,"Metro: Serrano (línea 4), Retiro (línea 2)  Cercanías Renfe: Recoletos (líneas C1, C2, C7, C8 y C10)","El Museo hace de la accesibilidad universal uno de sus objetivos prioritarios y, para lograrlo, pone a disposición de las personas con discapacidad intelectual, problemas auditivos, visuales y motores, planos y folletos accesibles, espacios y servicios adaptados, ayudas específicas y recursos táctiles.  Visitas guiadas para público con discapacidad visual. Planos y folletos accesibles para personas con discapacidad intelectual. Visitas guiadas con servicio de Intérprete de Lengua de Signos. Espacios interiores sin barreras arquitectónicas. Aseos adaptados a sillas de ruedas. Sillas de ruedas disponibles en el Guardarropa. Bucles magnéticos. Planos táctiles de la exposición permanente. Estaciones táctiles. Guías multimedia. Sillas plegables. Vehículos eléctricos.   Amplíe información.","1,6",http://www.madrid.es/sites/v/index.jsp?vgnextchannel=bfa48ab43d6bb410VgnVCM100000171f5a0aRCRD&vgnextoid=8fd8ef4d7f71c010VgnVCM1000000b205a0aRCRD,Serrano Street,CALLE,Número: 13,Madrid,Community of Madrid,28001,1,Recoletos,4,Salamanca,441601,4474966,40.4232789604228,-3.6884121235090532,915 777 912,,,/contenido/entidadesYorganismos/Museos
Museo Banksy Madrid,Nuevo espacio cultural en Madrid,De lunes a domingo de 10 a 20 horas (última entrada 19:15 horas). Jueves horario de cierre a las 21 horas.,Más datos en https://museobanksy.es/museo-banksy-madrid/informacion-practica-madrid/,Metro: Acacias (línea 5) / Embajadores (líneas 3 y 5),,1,http://www.madrid.es/sites/v/index.jsp?vgnextchannel=bfa48ab43d6bb410VgnVCM100000171f5a0aRCRD&vgnextoid=4556e2a774089910VgnVCM100000891ecb1aRCRD,ESPERANZA,PASEO,Número: 1,Madrid,Community of Madrid,28005,2,Las Acacias,2,Arganzuela,440075,4472808,40.40373631152966,-3.7061944207022304,603 607 564,,info.madrid@museobanksy.es,/contenido/entidadesYorganismos/Museos
Museo Casa de la Moneda,,"De martes a viernes ininterrumpidamente de 10 a 20 horas. Sábados, domingos y festivos de 10 a 14 horas. Cerrado los lunes (incluidos festivos), y los días 1 y 6 de enero; 24, 25 y 31 de diciembre.",,"Metro: O&amp;acute;Donnell (línea 6), Goya (líneas 2 y 4).",,"1,4",http://www.madrid.es/sites/v/index.jsp?vgnextchannel=bfa48ab43d6bb410VgnVCM100000171f5a0aRCRD&vgnextoid=12f8ef4d7f71c010VgnVCM1000000b205a0aRCRD,calle del Doctor Esquerdo,CALLE,Número: 36,Madrid,Community of Madrid,28028,2,Goya,4,Salamanca,443235,4474878,40.42260021542579,-3.669139860245996,915 666 544,915 666 809,museocasadelamoneda@fnmt.es,/contenido/entidadesYorganismos/Museos
Cerralbo Museum,"Un palacio del siglo XIX, un museo del siglo XX y una institución del siglo XXI  El Museo Cerralbo es un museo de titularidad estatal y gestión directa del Ministerio de Cultura.   Un palacio-museo en el que se muestran los espacios y las colecciones del XVII marqués de Cerralbo y su familia, que lo habitaron desde finales del siglo XIX a principios del siglo XX.  Recorriendo sus estancias podemos conocer cómo se vivía en una residencia aristocrática del cambio de siglo. Sus colecciones cuentan con una gran variedad de lámparas, espejos, armas, textiles, cuadros, objetos de porcelana, mobiliario, piezas arqueológicas, etc.  Contiene una Biblioteca con un fondo de unos 24.000 títulos, de los cuales cerca de 9.000 pertenecen al fondo antiguo, que adquirió don Enrique de Aguilera y Gamboa, XVII marqués de Cerralbo, a lo largo de su vida. Biblioteca visitable y consulta de acceso restringido.","El museo abre:    Martes, miércoles, jueves, viernes y sábados: de 9:30 a 15 horas*  Jueves por la tarde (excepto festivos): de 17 a 20 horas.*  Domingos y festivos: de 10 a 15 horas.*   *El acceso al museo finaliza 1 hora antes de su cierre.    El museo cierra:    Todos los lunes.  1 y 6 de enero.  1 de mayo.  24, 25 y 31 de diciembre.",,"Metro: Ventura Rodríguez (línea 3); Plaza de España (líneas 3 y 10), Noviciado (línea 2) y Príncipe Pío (líneas 6 y 10);   Cercanías Renfe: Príncipe Pío (líneas C1, C7 y C10)",Tarifas   Accesibilidad   Visitas en grupo,"2,6",http://www.madrid.es/sites/v/index.jsp?vgnextchannel=bfa48ab43d6bb410VgnVCM100000171f5a0aRCRD&vgnextoid=a4efb0c40971c010VgnVCM1000000b205a0aRCRD,calle de Ventura Rodríguez,CALLE,Número: 17,Madrid,Community of Madrid,28008,2,Argüelles,9,Moncloa-Aravaca,439380,4475039,40.423779252051425,-3.7145996063573756,Tel.: 915 473 646 / 647. Atención telefónica de lunes a viernes de 9 a 14 horas.,,museo.cerralbo@cultura.gob.es,/contenido/entidadesYorganismos/BibliotecasPatrimoniales
Empresa Municipal de Transportes de Madrid Museum,"El Museo de la EMT se ha convertido en realidad tras una década de duro trabajo de recuperación, restauración y reparación del patrimonio histórico de la Empresa Municipal de Transportes de Madrid, especialmente, material móvil, mobiliario, piezas mecánicas, maquinaria y otros elementos inherentes a la actividad de la EMT en sus 70 años de historia.  Página web:  https://museo.emtmadrid.es/","Visitas (con cita previa)  Apertura estacional durante seis meses al año: todos los sábados de abril, mayo, junio, julio, septiembre y octubre), a las 10, a las 11:30 y a las 13 horas. Por ser un centro de trabajo únicamente pueden realizarse de forma organizada, previamente concertadas y limitadas a un máximo de 40 personas por turno. Duración: 60 minutos aproximadamente. Compra de entradas y reserva de horarios a través de la web: https://entradasmuseo.emtmadrid.es/?lang=es-ES.","Si tiene una discapacidad física o sensorial, contacta con el Museo antes de reservar la visita y le informarán de la accesibilidad a la instalación.","Metro: Begoña (línea 10). Bus: 66, 173, 174, 176, 191, 193, 194, 195, 196, 197, 712, 713, 714, 716, L171.",,0,http://www.madrid.es/sites/v/index.jsp?vgnextchannel=bfa48ab43d6bb410VgnVCM100000171f5a0aRCRD&vgnextoid=d56ad05b2a255510VgnVCM2000001f4a900aRCRD,MAURICIO LEGENDRE,CALLE,Número: 40,Madrid,Community of Madrid,28046,6,Castilla,5,Chamartín,442096,4481278,40.480173612860305,-3.6831595451893273,914 068 810,,,/contenido/entidadesYorganismos/AyuntamientoMadrid/OrganismosEmpresasMunicipales
Museo Félix Cañada,"Una selección de más de quinientas obras de arte de entre las cerca de mil de la donación original, constituyen la Colección Permanente que se puede visitar en las salas del Museo Félix Cañada de la Fundación Gómez Pardo, adscrita a la Escuela Técnica Superior de Ingenieros de Minas y Energía de la Universidad Politécnica de Madrid. Donada por el ingeniero de minas Doctor Félix Cañada Guerrero a la Fundación Gómez Pardo, reúne una amplia representación de trabajos de destacados artistas, pintores, escultores, ilustradores, grabadores, orfebres, ceramistas, etc. abarcando diferentes periodos desde el siglo XI hasta nuestros días.","Visitas: lunes, miércoles y viernes, de 10 a 13 horas. .",,Metro: Rios Rosas (línea 1).,Solo visitas guiadas para grupos entre 10 y 20 personas (sin guía propio),3,http://www.madrid.es/sites/v/index.jsp?vgnextchannel=bfa48ab43d6bb410VgnVCM100000171f5a0aRCRD&vgnextoid=cb22820a52799510VgnVCM1000001d4a900aRCRD,calle Alenza,CALLE,Número: 1,Madrid,Community of Madrid,28003,5,Ríos Rosas,7,Chamberí,440568,4477117,40.44258652423883,-3.7007870509139242,914 417 921,914 729 529,museo@fgomezpardo.es,/contenido/entidadesYorganismos/Museos
Museo Geominero,"Los objetivos del Museo Geominero son conservar, investigar y difundir la riqueza y diversidad del patrimonio geológico, paleontológico y mineralógico a través de las importantes colecciones de minerales, rocas y fósiles procedentes de todas las regiones españolas y de antiguos territorios coloniales, así como de yacimientos significados del registro mundial.","De lunes a domingo y festivos, de 9 a 14 horas. Cerrado los días 1 y 6 de enero, 24, 25 y 31 de diciembre.",,"Metro: Ríos Rosas (línea 1), Alonso Cano (línea 7), Cuatro Caminos (líneas 1, 2 y 6)",,3,http://www.madrid.es/sites/v/index.jsp?vgnextchannel=bfa48ab43d6bb410VgnVCM100000171f5a0aRCRD&vgnextoid=ff0bef4d7f71c010VgnVCM1000000b205a0aRCRD,Calle de Ríos Rosas,CALLE,Número: 23,Madrid,Community of Madrid,28003,5,Ríos Rosas,7,Chamberí,440663,4477057,40.442053385603636,-3.699669233707377,913 495 759,,m.geominero@igme.es,/contenido/entidadesYorganismos/Museos
Museo Histórico Minero Don Felipe de Borbón y Grecia,Ubicado en la Escuela Técnica Superior de Ingenieros de Minas de Madrid. Edificio Histórico (M-1). 1&amp;ordf; Planta,De Lunes a Viernes de 9:30 a 18 horas Primeros domingos de mes de 10 a 14 horas.,,Metro: Ríos Rosas (línea 1),,3,http://www.madrid.es/sites/v/index.jsp?vgnextchannel=bfa48ab43d6bb410VgnVCM100000171f5a0aRCRD&vgnextoid=822bef4d7f71c010VgnVCM1000000b205a0aRCRD,Calle de Ríos Rosas,CALLE,Número: 21,Madrid,Community of Madrid,28003,5,Ríos Rosas,7,Chamberí,440603,4477062,40.44209227424258,-3.7003734646151534,910 676 304,,sec.secretario.minasyenergia@upm.es,/contenido/entidadesYorganismos/Museos
Museo ICO,,"De martes a sábados: de 11 a 20 horas.   Domingos y festivos: de 10 a 14 horas.    Cerrado: Todos los lunes del año.  Horarios especiales: 24 y 31 de diciembre de 10 a 14 horas. 1 de enero, 1 de mayo y 25 de diciembre cerrado.",,Metro: Sevilla (línea 2),,3,http://www.madrid.es/sites/v/index.jsp?vgnextchannel=bfa48ab43d6bb410VgnVCM100000171f5a0aRCRD&vgnextoid=2886444a2951c010VgnVCM2000000c205a0aRCRD,Calle de Zorrilla,CALLE,Número: 3,Madrid,Community of Madrid,28014,3,Cortes,1,Centro,440806,4474249,40.41676546905435,-3.6977222605477635,914 201 242,,museoico@ico.es,/contenido/entidadesYorganismos/Museos
Museo Los Caños del Peral. Estación de Metro Ópera,"A diez metros bajo la plaza de Isabel II, la estación de Metro Ópera (L2, L5 y Ramal Norte) alberga la recreación museística de la histórica fuente de los Caños del Peral. La visita nos permite conocer la fuente que recogía el agua de manantial junto al arroyo del Arenal durante la segunda mitad del sigloXVI, y que tenía en origen 34 metros de longitud; la galería de abastecimiento en bóveda de cañón y la alcantarilla de la zona; y el acueducto que, salvando al barranco del arroyo del Arenal, surtió de agua al Palacio Real desde el siglo XVII hasta prácticamente el siglo XX.  Más información.",Previa reserva en la página museosmetromadrid.es.  Viernes: de 16 a 20 horas. Sábados: de 10 a 14 horas y de 16 a 20 horas. Domingos: de 10 a 14 horas.,,"Metro: Ópera (líneas 2, 5 y Ramal).",,1,http://www.madrid.es/sites/v/index.jsp?vgnextchannel=bfa48ab43d6bb410VgnVCM100000171f5a0aRCRD&vgnextoid=435950262d50f210VgnVCM2000000c205a0aRCRD,ISABEL II,PLAZA,Número: 1,Madrid,Community of Madrid,28013,1,Palacio,1,Centro,439834,4474367,40.41776291784375,-3.70918800795985,644 169 531,,info@museosmetromadrid.es,/contenido/entidadesYorganismos/Museos
Lázaro Galdiano Museum,"Cuenta con la  Biblioteca de la   Fundación Lázaro Galdiano, fundada en 1948, cuando se creó esta institución con el legado procedente de José Lázaro. Tiene cerca de 2.900 ejemplares de fondo antiguo (siglos XVI al XVIII), incluyendo 56 incunables y 877 manuscritos. Biblioteca visitable y consulta de acceso restringido.","Martes a domingo, de 9:30 a 15 horas. Lunes cerrado y los días y los días 6 de enero; 28 y 29 de marzo; 1, 2 y 15 de mayo; 25 de julio; 15 de agosto; 24, 25 y 31 de diciembre de 2024.",,"Metro: Gregorio Marañón (líneas 7 y 10), Ruben Darío (línea 5), Nuñez de Balboa (líneas 5 y 9)  Bus: 16, 19, 51, 9, 12, 61  Bicimad: Estaciones 140 (calle Velázquez, 130), 141 (paseo de la Castellana, 43)  Aparcamiento: Serrano I (62) calle Serrano entre Hermanos Becquer y Marqués de Villamejor",,1,http://www.madrid.es/sites/v/index.jsp?vgnextchannel=bfa48ab43d6bb410VgnVCM100000171f5a0aRCRD&vgnextoid=7d1aef4d7f71c010VgnVCM1000000b205a0aRCRD,Serrano Street,CALLE,Número: 122,Madrid,Community of Madrid,28006,6,Castellana,4,Salamanca,441802,4476460,40.43675593917329,-3.6861820403705816,,,info@museolazarogaldiano.es,/contenido/entidadesYorganismos/MonumentosEdificiosArtisticos
Museo Nacional Centro de Arte Reina Sofía,"Edificio Sabatini: calle Santa Isabel 52.  Edificio Nouvel (ampliación): ronda de Atocha, esquina a plaza del Emperador Carlos V.  Espacios en el parque del Retiro: Palacio de Velázquez y Palacio de Cristal.","Lunes y de miércoles a sábado, de 10 a 21 horas. Martes cerrado (incluso festivos). Domingos de 10 a 14:30 horas.  Días de cierre",,Metro: Estación del Arte (línea 1)  Cercanías Renfe: Atocha (todas las líneas),,1,http://www.madrid.es/sites/v/index.jsp?vgnextchannel=bfa48ab43d6bb410VgnVCM100000171f5a0aRCRD&vgnextoid=69d8275bad5a1210VgnVCM2000000c205a0aRCRD,SANTA ISABEL,CALLE,Número: 52,Madrid,Community of Madrid,28012,2,Embajadores,1,Centro,441118,4473345,40.40864029339671,-3.6939504103293244,917 741 000,,info@museoreinasofia.es,/contenido/entidadesYorganismos/Museos
Thyssen-Bornemisza Museum,"El palacio donde se ubica la colección fue el antiguo palacio del duque de Villahermosa. Edificación neoclásica. Posteriormente se adapta como entidad bancaria perdiento sus espacios interiores. Más tarde, pasó a formar parte de los edificios del Museo del Prado. Desde principios de los 90 alberga la Colección Thyssen. El museo ofrece un recorrido por la historia de la pintura europea desde sus inicios en el siglo XIII, hasta finales del siglo XX.",Colecciones permanentes:  lunes de 12 a 16 horas (acceso gratuito gracias al patrocinio de MasterCard). Martes a domingo de 10 a 19 horas.   Exposiciones temporales: consultar horario específico en la web del museo.  Avisos y horarios especiales:  consultar en la web del museo   El desalojo de las salas tendrá lugar 5 minutos antes del cierre.,,Metro: Banco de España (línea 2).,Arquitecto: Antonio López Aguado (1805 - 1806).  Adecuación: Rafael Moneo (1989 - 1992).  Ampliación: BOPBAA (1999 - 2004).,1,http://www.madrid.es/sites/v/index.jsp?vgnextchannel=bfa48ab43d6bb410VgnVCM100000171f5a0aRCRD&vgnextoid=0b8079262ef5d010VgnVCM1000000b205a0aRCRD,Paseo del Prado,PASEO,Número: 8,Madrid,Community of Madrid,28014,3,Cortes,1,Centro,441058,4474164,40.41601631762229,-3.694738346891257,917 911 370,,cavthyssen@museothyssen.org,/contenido/entidadesYorganismos/MonumentosEdificiosArtisticos
Museo Nacional de Antropología,"El Museo está instalado en el edificio de estilo clasicista construido por el Marqués de Cubas en 1875 por encargo del Doctor González Velasco, fundador de la institución.","De martes a sábado de 9:30 a 20 horas. Domingos: de 10 a 15 horas. Cerrado todos los lunes del año y los días 1 y 6 de enero, 1 de mayo, 24, 25 y 31 de diciembre y un festivo local. La taquilla se cerrará 15 minutos antes del cierre.",,"Metro: Estación del Arte (línea 1).  Cercanías Renfe:  Atocha (líneas C1, C2, C3, C4, C4a, C4b, C5, C7, C8, C10 y Regional)",,"1,6",http://www.madrid.es/sites/v/index.jsp?vgnextchannel=bfa48ab43d6bb410VgnVCM100000171f5a0aRCRD&vgnextoid=456079262ef5d010VgnVCM1000000b205a0aRCRD,Calle de Alfonso XII,CALLE,Número: 68,Madrid,Community of Madrid,28014,5,Jerónimos,3,Retiro,441550,4473258,40.40789416485114,-3.688857928950199,915 306 418 / 915 395 995,914 677 098,antropologico@cultura.gob.es,/contenido/entidadesYorganismos/Museos
National Museum of Decorative Arts,"Inaugurado en 1912, su sede es un típico palacete madrileño del último tercio del siglo XIX. El museo posee muebles, cerámicas, vidrios, joyas, tejidos, arte oriental, y hasta 30 000 objetos distintos que a lo largo de la historia han servido para embellecer las casas, palacios y los monumentos de distintas culturas. El museo posee muestras como el Jarrón de Sevres regalo de Napoleón III, la Cocina Valenciana del siglo XVIII compuesta por más de 1500 azulejos de Manises, la Mesa de plata del siglo XVI o la colección de alfombras españolas de los siglos XV al XVII.","Martes a sábados de 9:30 a 15 horas. Domingo y festivos: de 10 a 15 horas. Jueves tarde de 17 a 20 horas (excepto  primer jueves no festivo de enero y meses julio y agosto).  Cerrado:  todos los lunes, 1 y 6 de enero, 1 y 15 de mayo, 9 de noviembre, 24, 25 y 31 de diciembre.    La venta de entradas finalizará 30 minutos antes del cierre.",,Metro: Banco de España (Línea 2),"El Museo se encuentra inmerso en un proceso de transformación integral. Nuestro principal reto es llegar a ser un museo abierto a todos y todas. Queremos ser un espacio accesible a bebés, mamás, papás, todo tipo de familias, niños o mayores, donde la movilidad reducida no sea un obstáculo para la visita. Pero el edificio histórico en el que nos ubicamos se pensó con la mentalidad del siglo XIX y no es tarea fácil reinventarlo. También estamos trabajando para eliminar las barreras en el acceso a la información, esperamos que pronto todas nuestras instalaciones, servicios y actividades cuenten con los dispositivos adecuados para ello. Creemos que el museo puede convertirse en un agente activo de inclusión social. Como todo reto, el nuestro requiere tiempo e ilusión. Pero, poco a poco, podremos ofreceros novedades y cambios visibles.","2,6",http://www.madrid.es/sites/v/index.jsp?vgnextchannel=bfa48ab43d6bb410VgnVCM100000171f5a0aRCRD&vgnextoid=287079262ef5d010VgnVCM1000000b205a0aRCRD,MONTALBAN,CALLE,Número: 12,Madrid,Community of Madrid,28014,5,Jerónimos,3,Retiro,441483,4474369,40.417896616053866,-3.689754509701677,915 326 499 / 915 326 845,915 232 086,mnad@cultura.gob.es,/contenido/entidadesYorganismos/MonumentosEdificiosArtisticos
National Museum of Natural History,,"De martes a viernes de 10 a 17 horas. Sábados, domingos y festivos de 10 a 20 horas. Cerrado los lunes (excepto los festivos). Cerrado el 1 y 6 de enero, el 1 de mayo y el 25 de diciembre. Los días 24 y 31 de diciembre el museo permanecerá abierto de 10 a 15 horas. Los perros educados son bienvenidos. Ver condiciones aquí.",,"Metro: Gregorio Marañón (líneas 7, 10)",,"1,6",http://www.madrid.es/sites/v/index.jsp?vgnextchannel=bfa48ab43d6bb410VgnVCM100000171f5a0aRCRD&vgnextoid=8edbef4d7f71c010VgnVCM1000000b205a0aRCRD,JOSE GUTIERREZ ABASCAL,CALLE,Número: 2,Madrid,Community of Madrid,28006,1,El Viso,5,Chamartín,441463,4476870,40.44042600324054,-3.690212174964136,,,,/contenido/entidadesYorganismos/MonumentosEdificiosArtisticos
Museo Naval,,"De martes a domingo de 10 a 19 horas Durante el mes de agosto, horario reducido de 10 a 15 horas Cerrado todos los lunes y los días 1 y 6 de enero, 1 de mayo y 24, 25 y 31 de diciembre El desalojo del museo se hará 15 minutos antes del cierre",,"Metro: Banco de España (línea 2)  Cercanías Renfe: Recoletos (líneas C-1, C-2, C-7, C-8 y C-10)",Para reservas de grupos e información al visitante:  Teléfono: 915 238 516. De lunes a viernes de 9 a 14 horas Correo electrónico: reservas_museonaval@fn.mde.es   Para consultas de investigadores:  Correo electrónico: investigacion_museonavalmadrid@mde.es   Para cualquier otra consulta relativa al Museo Naval:  Correo electrónico: museonavalmadrid@fn.mde.es,1,http://www.madrid.es/sites/v/index.jsp?vgnextchannel=bfa48ab43d6bb410VgnVCM100000171f5a0aRCRD&vgnextoid=a30cef4d7f71c010VgnVCM1000000b205a0aRCRD,Paseo del Prado,PASEO,Número: 3,Madrid,Community of Madrid,28014,5,Jerónimos,3,Retiro,441232,4474362,40.417817776538435,-3.6927096854547727,915 238 516,,museonavalmadrid@fn.mde.es,/contenido/entidadesYorganismos/Museos
Sorolla Museum,,"De martes a sábado: de 9:30 a 20 horas. Domingos y festivos: de 10 a 15 horas. Cerrado: todos los lunes del año, 1 y 6 de enero, 1 de mayo, 9 noviembre, 24, 25 y 31 de diciembre.",,"Metro: Rubén Darío (línea 5), Gregorio Marañón (líneas 7 y 10), Iglesia (línea 1)",,2,http://www.madrid.es/sites/v/index.jsp?vgnextchannel=bfa48ab43d6bb410VgnVCM100000171f5a0aRCRD&vgnextoid=6dd05e93aad9c110VgnVCM1000000b205a0aRCRD,paseo del General Martínez Campos,PASEO,Número: 37,Madrid,Community of Madrid,28010,4,Almagro,7,Chamberí,441259,4476298,40.43525811195212,-3.69257053914393,913 101 584,,museo.sorolla@cultura.gob.es,/contenido/entidadesYorganismos/Museos
Museo Taurino de la Comunidad de Madrid,"Situado en el Patio de Caballos, ofrece a sus visitantes un atractivo recorrido por la historia del toreo, demostrando la relevancia de la Tauromaquia en la historia y la cultura de España. En este espacio se pueden contemplar grabados de Goya, vestidos, monteras y capotes de paseo de grandes toreros del siglo XX o un rincón dedicado a la figura de Manolete.","Todos los días del año de 10 a 19 horas, excepto el 25 de diciembre y el 1 de enero. Horario de noviembre a marzo de 10 a 18 horas ininterrumpidamente. Los días que se celebren festejos de cualquier tipo en el recinto, las visitas terminarán 2 horas antes del comienzo del espectáculo.??   Visitas en grupo: solicitar cita previa en el correo electrónico museotaurinolasventas@madrid.org",,Metro: Ventas (líneas 2 y 5),"La entrada al Museo Taurino de la Comunidad de Madrid se encuentra situado?junto a la puerta del Patio de Caballos de la Plaza de Toros Monumental de Las Ventas, en la calle Alcalá, número 237.",3,http://www.madrid.es/sites/v/index.jsp?vgnextchannel=bfa48ab43d6bb410VgnVCM100000171f5a0aRCRD&vgnextoid=958cef4d7f71c010VgnVCM1000000b205a0aRCRD,Alcalá Street,CALLE,Número: 237,Madrid,Community of Madrid,28028,4,La Guindalera,4,Salamanca,443775,4475871,40.431581087036655,-3.6628632167710227,912 761 287,,museotaurinolasventas@madrid.org,/contenido/entidadesYorganismos/Museos
Typhlological Museum,Edificio con una superficie de 1.500 m2 dividido en tres zonas con maquetas de monumentos nacionales e internacionales realizadas por invidentes e instrumentos utilizados por los invidentes desde hace 200 años. Es un espacio concebido para que sus visitantes puedan ver y tocar las piezas expuestas.,"Martes a viernes: de 10 a 15 h y de 16 a 19 horas. Sábados: de 10 a 14 horas. Lunes, domingos y festivos: cerrado.   Consultar cierres especiales en https://museo.once.es/",,Metro: Estrecho (línea 1),,"1,5",http://www.madrid.es/sites/v/index.jsp?vgnextchannel=bfa48ab43d6bb410VgnVCM100000171f5a0aRCRD&vgnextoid=baacef4d7f71c010VgnVCM1000000b205a0aRCRD,LA CORUÑA,CALLE,Número: 18,Madrid,Community of Madrid,28020,2,Cuatro Caminos,6,Tetuán,440632,4478523,40.45525267846033,-3.700169379369277,915 894 219,,museo@once.es,/contenido/entidadesYorganismos/Museos
Museo de Aeronáutica y Astronáutica,"El museo tiene por finalidad la adquisición, conservación y exposición de los bienes que constituyen el Patrimonio Histórico de la Aeronáutica Española. Dispone de una exposición exterior y siete hangares que albergan aeronaves, uniformes, condecoraciones, motores, maquetas y otros fondos relacionados con la aviación. Terminada la Guerra Civil y una vez creado el Ejército del Aire, se concibe la idea de crear un museo que reflejara la evolución e historia de nuestra aeronáutica. Desde 1975 el Museo está en Cuatro Vientos y se han sucedido varias ampliaciones que le convierten en un referente europeo de la aeronáutica.","De martes a domingo de 10 a 14 horas. Cerrado: 1 y 6 de enero, jueves y viernes Santos, 10 de diciembre (patrona de la aviación), 24, 25 y 31 de diciembre y días establecidos en el calendario anual.","Aparcamiento: gratuito, de 10 a 14 horas. Cafetería: de 10 a 13:30 horas. Punto de venta: de 10 a 13:30 horas.  Visitas guiadas para grupos: de martes a domingo de 10 a 14 horas. Previa petición de autorización por carta o correo electrónico ( museodelaire@ea.mde.es  ). Se recomienda anticipar las peticiones por teléfono de lunes a viernes.",Metro : cuatro vientos (L 10)   Renfe: cuatro vientos (C 5),,3,http://www.madrid.es/sites/v/index.jsp?vgnextchannel=bfa48ab43d6bb410VgnVCM100000171f5a0aRCRD&vgnextoid=90aaef4d7f71c010VgnVCM1000000b205a0aRCRD,A-5,AUTOVIA,Número: 10.700,Madrid,Community of Madrid,28024,6,Cuatro Vientos,10,Latina,432238,4469498,40.37362,-3.80843,915 091 690,,museodelaire@ea.mde.es,/contenido/entidadesYorganismos/Museos
Museum of the Americas,,"De martes a sábado, de 9:30 a 15 horas. Jueves, apertura continuada de 9:30 a 19 horas. Domingos y festivos de 10 a 15 horas.   Cerrado todos los lunes del año, 1 de enero, 1 de mayo, 24, 25 y 31 de diciembre, 6 de enero y un festivo local.",,"Metro: Moncloa (líneas 3 y 6), Islas Filipinas (línea 7).  Autobús: 1, 62, 44, 82, 132, 138.",,"1,6",http://www.madrid.es/sites/v/index.jsp?vgnextchannel=bfa48ab43d6bb410VgnVCM100000171f5a0aRCRD&vgnextoid=c929ef4d7f71c010VgnVCM1000000b205a0aRCRD,avenida de los Reyes Católicos,AVENIDA,Número: 6,Madrid,Community of Madrid,28040,3,Ciudad Universitaria,9,Moncloa-Aravaca,438777,4476615,40.43793725485899,-3.7218544182655786,915 492 641 / 915 439 437,,museo.america@cultura.gob.es,/contenido/entidadesYorganismos/Museos
Museo de Arte Contemporáneo,"Al igual que otros museos de arte contemporáneo, nacionales o extranjeros, se ha utilizado un edificio histórico para albergar las colecciones: el Cuartel del Conde Duque. El Museo de Arte Contemporáneo recupera para los madrileños el despacho del escritor vanguardista Ramón Gómez de la Serna, como parte de su colección permanente.","De martes a viernes: de 10 a 14 horas y de 15 a 21 horas. Sábados: de 10 a 14 horas y de 17:30 a 21 horas. Domingos y festivos: de 10:30 a 14:30 horas.  Horario durante la semana de San Isidro (12 a 16 de mayo, 2025) y de verano (del 15 de junio al 15 de septiembre, ambos inclusive):  De martes a viernes: de 10 a 14 horas y de 15 a 20 horas. Sábados: de 10 a 14 horas y de 17:30 a 20 horas. Domingos y festivos: de 10:30 a 13:30 horas. *15 de mayo, festivo.  Cerrado: todos lunes y los días 1 y 6 de enero, 1 de mayo y 24, 25 y 31 de diciembre. Las salas se desalojan 15 minutos antes del cierre.",Zona wifi.,"Metro: Ventura Rodríguez, Plaza de España, San Bernardo, Noviciado.",,"1,6",http://www.madrid.es/sites/v/index.jsp?vgnextchannel=bfa48ab43d6bb410VgnVCM100000171f5a0aRCRD&vgnextoid=84a55c2cdc41c010VgnVCM2000000c205a0aRCRD,calle del Conde Duque,CALLE,Número: 9,Madrid,Community of Madrid,28015,5,Universidad,1,Centro,439723,4475438,40.42739911262292,-3.710589286287491,Teléfono de sala: 914 801 766,,mmacmdifusion@madrid.es,/contenido/entidadesYorganismos/Museos
Museo de Astronomía y Geodesia,"El museo de Astronomía y Geodesia de la Universidad Complutense de Madrid agrupa una importante colección de instrumentos de Astronomía, Geodesia y Topografía, reunidos con el afán didáctico de dar a conocer la evolución de los métodos utilizados en estas disciplinas durante los últimos 150 años.",Visita con cita previa.,,Metro: Ciudad Universitaria (línea 6).,,3,http://www.madrid.es/sites/v/index.jsp?vgnextchannel=bfa48ab43d6bb410VgnVCM100000171f5a0aRCRD&vgnextoid=ee49ef4d7f71c010VgnVCM1000000b205a0aRCRD,CIENCIAS,PLAZA,Número: 3,Madrid,Community of Madrid,28040,3,Ciudad Universitaria,9,Moncloa-Aravaca,438442,4477897,40.44945850908754,-3.7259383636708434,91 394 4588,,fuensant@ucm.es.,/contenido/entidadesYorganismos/Museos
Museo de Bomberos de Madrid,,"Horario ordinario: Lunes, miércoles, jueves y viernes laborables a las 12:00 horas","El acceso se realizará mediante RESERVA en el que aparecerán las sesiones y plazas disponibles.    Unicamente se permiten las visitas guiadas    El personal del museo mostrará al visitante la exposición permanente, que cuenta con una interesante colección de vehículos y otros materiales que han formado parte de la Historia del Cuerpo de Bomberos de Madrid.      Actividades del Grupo Pedagógico con visitas de colegios    Se realizan visitas guiadas a colegios, demostraciones prácticas?y charlas de prevención    Sala polivalente     Puede ser utilizada para la organización de charlas, encuentros y otras actividades culturales.",Metro: L1- Buenos Aires  Bus: 141 y 143,,1,http://www.madrid.es/sites/v/index.jsp?vgnextchannel=bfa48ab43d6bb410VgnVCM100000171f5a0aRCRD&vgnextoid=9f0966a8bba49210VgnVCM2000000c205a0aRCRD,BOADA,CALLE,Número: 4,Madrid,Community of Madrid,28038,6,Numancia,13,Puente de Vallecas,444504,4471753,40.39453171263195,-3.6539313207612207,Actualmente no disponible.,,museobomberosmadrid@madrid.es,/contenido/entidadesYorganismos/Museos
Calcografía Nacional,"La institución posee la más importante colección de láminas de grabado calcográfico de España. El número de matrices metálicas supera las ocho mil obras, abarcando un amplio periodo cronológico, desde el siglo XVI al XXI.",Consultar en la web.,,"Metro: Sol (líneas 1, 2, 3), Sevilla (línea 2), Gran Vía (líneas 1 y 5).",,3,http://www.madrid.es/sites/v/index.jsp?vgnextchannel=bfa48ab43d6bb410VgnVCM100000171f5a0aRCRD&vgnextoid=7169ef4d7f71c010VgnVCM1000000b205a0aRCRD,Alcalá Street,CALLE,Número: 13,Madrid,Community of Madrid,28014,6,Sol,1,Centro,440558,4474350,40.4176555144213,-3.7006500629589394,915 240 864,915 241 034,,/contenido/entidadesYorganismos/Museos
Madrid Wax Museum,,"Horario de invierno: Lunes a domingo, de 11 a 19 horas. Horario de verano: Lunes a domingo, de 11 a 20 horas.",,Metro: Colón (línea 4),,2,http://www.madrid.es/sites/v/index.jsp?vgnextchannel=bfa48ab43d6bb410VgnVCM100000171f5a0aRCRD&vgnextoid=9689ef4d7f71c010VgnVCM1000000b205a0aRCRD,Paseo de Recoletos,PASEO,Número: 41,Madrid,Community of Madrid,28004,4,Justicia,1,Centro,441350,4475102,40.42448764583997,-3.6913807191328303,913 199 330,,info@museoceramadrid.com; reservas@museoceramadrid.com,/contenido/entidadesYorganismos/Museos
Museo de Escultura al Aire Libre de La Castellana,"El Museo de Escultura al Aire Libre de La Castellana, está situado bajo el paso elevado que une las calles de Juan Bravo y Eduardo Dato, contiene una excelente colección de escultura abstracta española.",Entrada libre. Espacio urbano abierto Abierto 24 horas al día los 365 días del año.,,"Transporte público más próximo   Metro: Rubén Darío (línea 5)  Bus: 5, 14, 27, 45, 150  BICIMAD: Estación 142 (Paseo de la Castellana n&amp;ordm;42)",,1,http://www.madrid.es/sites/v/index.jsp?vgnextchannel=bfa48ab43d6bb410VgnVCM100000171f5a0aRCRD&vgnextoid=eca9ef4d7f71c010VgnVCM1000000b205a0aRCRD,Paseo de la Castellana,PASEO,Número: 40,Madrid,Community of Madrid,28046,6,Castellana,4,Salamanca,441678,4476070,40.433219398671156,-3.6876122680805956,915 885 921,,mmacmdifusion@madrid.es,/contenido/entidadesYorganismos/MonumentosEdificiosArtisticos
Museo de Historia de Madrid,Fue creado como museo municipal en 1929 y rebautizado como Museo de Historia de Madrid en 2007. En el año 2014 se hace una profunda remodelación y reabre sus puertas con un montaje moderno y una puesta al día de sus colecciones.,"De martes a domingos de 10 a 20 horas.  Verano (Del 15 de junio al 15 de septiembre): de martes a domingos de 10 a 19 horas.  Cerrado: lunes y los días 1 y 6 de enero, 1 de mayo,  24, 25 y 31 de diciembre.   El desalojo de las salas se hará diez minutos antes del cierre.",Biblioteca de investigación Servicio de documentación Guardarropa Zona wifi  Tienda del museo. Contacto: tienda.museohistoria@palaciosymuseos.com Las reservas se realizarán a través de esta  plataforma,"Metro: Tribunal, Bilbao y Alonso Martínez.  Aparcamiento público: Barceló.",Accesibilidad física:   Rampa de acceso a la entrada. Ascensores. Aseos adaptados. Silla de ruedas.   Accesibilidad cognitiva:    Guía visual Museo de Historia de Madrid   Guía en lenguaje claro Museo de Historia de Madrid,"1,6",http://www.madrid.es/sites/v/index.jsp?vgnextchannel=bfa48ab43d6bb410VgnVCM100000171f5a0aRCRD&vgnextoid=8f3079262ef5d010VgnVCM1000000b205a0aRCRD,calle de Fuencarral,CALLE,Número: 78,Madrid,Community of Madrid,28004,4,Justicia,1,Centro,440550,4475251,40.42577054821346,-3.700845660719608,917 011 863,,smuseosm@madrid.es,/contenido/entidadesYorganismos/MonumentosEdificiosArtisticos
Museo de Historia de la Comunidad Judía de Madrid,,,Visitas: info@cjmadrid.org,Metro: Iglesia (línea 1),,1,http://www.madrid.es/sites/v/index.jsp?vgnextchannel=bfa48ab43d6bb410VgnVCM100000171f5a0aRCRD&vgnextoid=8f2a4a659ee71110VgnVCM1000000b205a0aRCRD,BALMES,CALLE,Número: 3,Madrid,Community of Madrid,28010,3,Trafalgar,7,Chamberí,440627,4476323,40.43543567370733,-3.7000203622984,915 913 131,,info@cjmadrid.org,/contenido/entidadesYorganismos/Museos
Museo de Mineralogía,,"De lunes a viernes, de 10:30 a 14:30 horas (concertar previamente).",,"Cercanías Renfe: Cantoblanco (líneas C4, C4a y C4b)",,1,http://www.madrid.es/sites/v/index.jsp?vgnextchannel=bfa48ab43d6bb410VgnVCM100000171f5a0aRCRD&vgnextoid=255aef4d7f71c010VgnVCM1000000b205a0aRCRD,FRANCISCO TOMAS Y VALIENTE,CALLE,Número: 7,Madrid,Community of Madrid,28049,8,El Goloso,8,Fuencarral-El Pardo,441133,4488524,40.54537941407227,-3.6951833197962536,914 975 407 / 914 972 564 / 914 974 800,914 974 900,museo.mineralogia@uam.es,/contenido/entidadesYorganismos/Museos
Museo de San Isidro,"Este espacio museográfico propone un viaje por la historia de la ciudad de Madrid desde la Prehistoria hasta el establecimiento de la Corte, a través de distintas salas como la de San Isidro, el Patio renacentista, el Jardín arqueobotánico o el Almacén visitable.","De martes a domingo y festivos de 10 a 20 horas.  Último pase de visita 15 minutos antes del cierre.    Verano, del 15 de junio al 15 de septiembre: de martes a domingo de 10 a 19 horas.  Cerrado todos los lunes, el 1 y 6 de enero, el 1 de mayo y los días 24, 25 y 31 de diciembre.","Sala de investigadores Biblioteca especializada en arqueología e historia madrileña Archivo documental Almacén visitable con más de 600 piezas arqueológicas (por cuestiones técnicas el almacén visitable puede estar cerrado durante su visita, en tal caso pregunte en el mostrador de entrada para que le faciliten el acceso) Jardín arqueobotánico, con información documentada sobre las especies de la ciudad Investigadores: los fondos del Museo están a disposición de la comunidad científica y los investigadores podrán acceder tramitando su correspondiente solicitud Visitas guiadas por voluntarios culturales de CEATE Talleres didácticos para grupos escolares Zona wifi","Metro:  La Latina (línea 5) , Tirso de Molina (línea 1)",,"2,6",http://www.madrid.es/sites/v/index.jsp?vgnextchannel=bfa48ab43d6bb410VgnVCM100000171f5a0aRCRD&vgnextoid=7b7aef4d7f71c010VgnVCM1000000b205a0aRCRD,SAN ANDRES,PLAZA,Número: 2,Madrid,Community of Madrid,28005,1,Palacio,1,Centro,439691,4473738,40.41207900253883,-3.7108161027466378,913 667 415,,museosanisidro@madrid.es,/contenido/entidadesYorganismos/Museos
Museo de Sanidad e Higiene Pública,"El Museo de Sanidad e Higiene Pública se comenzó a desarrollar en el año 1995 y es un centro único en su especialidad en España. Está ubicado en el Pabellón 14 del campus de Chamartín en el Instituto de Salud Carlos III, que albergaba los laboratorios del Hospital Nacional de Enfermedades Infecciosas, conocido como Hospital del Rey. El objetivo es gestionar para su difusión y conservación las colecciones de objetos, libros y documentos que reflejan los aspectos más significativos de la historia y evolución de la salud pública en nuestro país. De ese modo se busca la promoción de la investigación en este campo facilitando a los investigadores, profesores y técnicos que lo necesiten, apoyo técnico especializado.",Visitas guiadas de grupo de lunes a jueves con cita previa. Consultar en web,,"Metro: Chamartín (líneas 1, 10)  Cercanías Renfe: Chamartín (líneas C1, C2, C3, C3a, C4, C4a, C4b, C7, C8 y C10)",,3,http://www.madrid.es/sites/v/index.jsp?vgnextchannel=bfa48ab43d6bb410VgnVCM100000171f5a0aRCRD&vgnextoid=3e755c2cdc41c010VgnVCM2000000c205a0aRCRD,"Avenida de Monforte de Lemos, Madrid",AVENIDA,Número: 5,Madrid,Community of Madrid,28029,5,La Paz,8,Fuencarral-El Pardo,441508,4480761,40.475476558696364,-3.6900419862500202,918 222 414,,museodesanidad@isciii.es,/contenido/entidadesYorganismos/Museos
Museo de la Catedral de la Almudena,,"De lunes a sábado de 10 a 14:30 horas.   Cerrado los domingos, fiestas de precepto y días de actos de culto especiales en la Catedral. Consultar  Agenda .",,"Metro: Ópera (Líneas 2, 5 y Ramal Ópera Príncipe Pío).","Para solicitar reserva de visita guiada, escriba a reservasmuseo@catedraldelaalmudena.es.",1,http://www.madrid.es/sites/v/index.jsp?vgnextchannel=bfa48ab43d6bb410VgnVCM100000171f5a0aRCRD&vgnextoid=82cb8d0e78d22110VgnVCM1000000b205a0aRCRD,Bailén street,CALLE,Número: 10,Madrid,Community of Madrid,28013,1,Palacio,1,Centro,439452,4474125,40.4155496711662,-3.7136674233151394,915 592 874,,reservasmuseo@catedraldelaalmudena.es,/contenido/entidadesYorganismos/Museos
Museo de la Farmacia Hispana,,"El Museo de la Farmacia Hispana solo puede visitarse realizando una reserva con antelación.La visita es gratuita, guiada y tiene una duración aproximada de 1 hora y media. Se realizan durante el curso lectivo, de lunes a viernes y en horario de mañana.  Este año vamos a empezar con las visitas guiadas en horario de tarde. Serán los martes y miércoles lectivos de octubre a mayo. La visita completa empezará a las 16:00 y durará 1 hora y media. Habrá también opción de visita abreviada de 17:00 a 18:00.   Las visitas de tarde podrán reservarse solo con un mes de antelación.",,,,2,http://www.madrid.es/sites/v/index.jsp?vgnextchannel=bfa48ab43d6bb410VgnVCM100000171f5a0aRCRD&vgnextoid=58f9ef4d7f71c010VgnVCM1000000b205a0aRCRD,"Avenida de Ramón y Cajal, Madrid",PLAZA,Número: 0,Madrid,Community of Madrid,28040,3,Ciudad Universitaria,9,Moncloa-Aravaca,438415,4477348,40.44451127873064,-3.7262019812409104,913 941 797,,museofar@ucm.es,/contenido/entidadesYorganismos/Museos
Museo de la Guardia Civil,"El Museo de la Guardia Civil es una institución sin ánimo de lucro, permanente y al servicio de la sociedad, que investiga, colecciona, conserva, interpreta y exhibe el patrimonio material e inmaterial' relacionado con la Guardia Civil.   Está en desarrollo un nuevo proyecto de Museo de la Guardia Civil, con nuevas instalaciones y una museografía más moderna, completa y atractiva. Con ello, el nuevo espacio museístico del Cuerpo se configurará como una poderosa herramienta divulgativa de la historia de la Guardia Civil y sus valores corporativos, ayudando a difundir entre el público una siempre necesaria cultura de la seguridad ciudadana.   Hasta la apertura del nuevo museo, no será posible realizar visitas presenciales, pudiendo realizar una visita virtual a través del espacio digital de Google Arts &amp;amp; Culture",,,Metro: Guzmán el Bueno (líneas 6 y 7).,,3,http://www.madrid.es/sites/v/index.jsp?vgnextchannel=bfa48ab43d6bb410VgnVCM100000171f5a0aRCRD&vgnextoid=003aef4d7f71c010VgnVCM1000000b205a0aRCRD,GUZMAN EL BUENO,CALLE,Número: 110,Madrid,Community of Madrid,28003,6,Vallehermoso,7,Chamberí,439594,4477325,40.44438828230001,-3.7122910771593154,"915 146 000, extensiones 48495 (Oficina Museo), 48477 (Salas Museo)",,dg-estuhistoricos-registro@guardiacivil.org,/contenido/entidadesYorganismos/Museos
Museo de la Real Academia de Bellas Artes de San Fernando,"Construido inicialmente para palacio de Don Juan de Goyeneche, el edificio fue adquirido por la Academia de Bellas Artes en 1773 y reformado bajo la dirección de Fernando Chueca Goitia en 1973 y la fachada por Diego de Villanueva en 1774.","Colección permanente: De martes a domingos, de 10 a 15 horas, incluyendo festivos Exposiciones temporales: consultar el apartado específico de la exposición temporal. Días cerrados: 1 y 6 de enero; 1 y 30 de mayo; 9 de noviembre; 24, 25 y 31 de diciembre. Las oficinas de la Real Academia de Bellas Artes abren de lunes a viernes, de 08.30 a 17.00 horas. Cerrada fines de semana y días festivos.",,"Metro: Sol (líneas 1, 2, 3), Sevilla (línea 2), Gran Vía (líneas 1 y 5).",,1,http://www.madrid.es/sites/v/index.jsp?vgnextchannel=bfa48ab43d6bb410VgnVCM100000171f5a0aRCRD&vgnextoid=924aef4d7f71c010VgnVCM1000000b205a0aRCRD,Alcalá Street,CALLE,Número: 13,Madrid,Community of Madrid,28014,6,Sol,1,Centro,440558,4474350,40.4176555144213,-3.7006500629589394,915 240 864,915 241 034,registro.museo@rabasf.com,/contenido/entidadesYorganismos/MonumentosEdificiosArtisticos
Railway Museum of Madrid,"Edificio de carácter monumental. Proyectada por el ingeniero francés Émile Cacheliévre e inaugurada el 30 de marzo de 1880, la estación de Delicias fue la primera gran estación con carácter definitivo de Madrid.","De octubre a mayo:   Lunes a viernes, de 9:30 a 15 horas. Sábados y festivos, de 10 a 19 horas. Domingo, de 10 a 15 horas.   De junio a septiembre:   Lunes a domingo, de 10 a 15 horas.   Cerrado: 25 de diciembre, 1 y 6 de enero.","Mercado de Motores : segundo fin de semana del mes (excepto julio y agosto), de 11 a 21 horas. El Museo cierra en su actividad ordinaria y el acceso es gratuito (www.mercadodemotores.es).","Metro: Delicias (línea 3)  Cercanías Renfe: Delicias (líneas C1, C7, C10 y Regional)",,1,http://www.madrid.es/sites/v/index.jsp?vgnextchannel=bfa48ab43d6bb410VgnVCM100000171f5a0aRCRD&vgnextoid=091c4291ae91f010VgnVCM2000000c205a0aRCRD,Delicias street,PASEO,Número: 61,Madrid,Community of Madrid,28045,5,Las Delicias,2,Arganzuela,441124,4472418,40.40029003332906,-3.6938050319544646,915 390 085,,taquillamuseo@ffe.es,/contenido/entidadesYorganismos/MonumentosEdificiosArtisticos
Museo del Prado,"El Museo Nacional del Prado, desde que fue inaugurado en 1819 y a lo largo de su historia centenaria, ha cumplido con la alta misión de conservar, exponer y enriquecer el conjunto de las colecciones y obras de arte que, estrechamente vinculadas a la historia de España, constituyen una de las más elevadas manifestaciones de expresión artística de reconocido valor universal. La Biblioteca del Museo Nacional del Prado se encuentra situada en el Casón del Buen Retiro, actual sede del Centro de Estudios del Museo del Prado. Está especializada en artes plásticas europeas entre la Edad Media y el siglo XIX. Conserva un destacado patrimonio bibliográfico, de impresos y manuscritos anteriores a 1910, de notable importancia por su cantidad (unos 7.000 volúmenes), por su carácter especializado (tratados de pintura y arquitectura, libros de fiestas, cartillas de dibujo y libros de iconografía, emblemas, anatomía y fisiognomía) y por la rareza de algunos de sus ejemplares.","De lunes a sábado, de 10 a 20 horas. Domingos y festivos, de 10 a 19 horas. Cerrado los días 1 de enero, 1 de mayo y 25 de diciembre. Horario reducido, de 10 a 14 horas (6 de enero y 24 y 31 de diciembre).  Horario de gratuidad:  De lunes a sábado, de 18 a 20 horas. Domingos y festivos, de 17 a 19 horas.  Acceso al Museo hasta 30 minutos antes del cierre.",,"Metro: Estación del Arte (línea 1), Banco de España (línea 2).  Cercanías Renfe:  Atocha (líneas C1, C2, C3, C4, C5, C7 y C10).",,"1,4,6",http://www.madrid.es/sites/v/index.jsp?vgnextchannel=bfa48ab43d6bb410VgnVCM100000171f5a0aRCRD&vgnextoid=060079262ef5d010VgnVCM1000000b205a0aRCRD,Paseo del Prado,PASEO,Número: 0,Madrid,Community of Madrid,28014,5,Jerónimos,3,Retiro,441243,4474443,40.41854475379762,-3.6925831204366806,910 683 001,,cav@museodelprado.es,/contenido/entidadesYorganismos/BibliotecasPatrimoniales
Museo del Reloj Grassy,Arquitecto: Eladio Laredo Carranza (1916 - 1917).,Visitas guiadas:   Miércoles 12 horas. Jueves 17:30 horas.,,"Metro: Banco de España (línea 2), Sevilla (línea 2), Gran Vía (Líneas 1 y 5).",,3,http://www.madrid.es/sites/v/index.jsp?vgnextchannel=bfa48ab43d6bb410VgnVCM100000171f5a0aRCRD&vgnextoid=daeaef4d7f71c010VgnVCM1000000b205a0aRCRD,GRAN VIA,CALLE,Número: 1,Madrid,Community of Madrid,28013,3,Cortes,1,Centro,440779,4474514,40.41914742345852,-3.698056640392267,915 321 007,,info@grassy.es,/contenido/entidadesYorganismos/Museos
Museum of Romanticism,,"Horario de invierno (de noviembre a abril): De martes a sábado: de 9:30 a 18:30. Domingos y festivos: de 10 a 15 horas.  Horario de verano (de mayo a octubre): De martes a sábado: de 9:30 a 20:30. Domingos y festivos: de 10 a 15 horas.  Cerrado: Todos los lunes, 1 y 6 enero, 1 mayo, 9 noviembre, 24, 25 y 31 diciembre.",,"Metro: Tribunal (líneas 1 y 10), Alonso Martínez (líneas 4, 5 y 10).","Descripción monumental  Construido para casa palacio del Marqués de Matallana por el arquitecto Manuel Rodríguez, dentro de unas líneas clasicistas, tiene algunas leves reminiscencias del barroco, como las molduras en forma de orejeras en los balcones. Las estancias nobles se organizan en torno a dos patios cuadrados. Conserva un interesante jardín romántico. A finales del siglo XVIII el inmueble pasó a estar habitado por los Condes de la Puebla del Maestre y después, desde junio de 1921, fue sede de la Comisaría Regia de Turismo, organismo creado por el II Marqués de la Vega-Inclán. En 1924 se convirtió en Museo Romántico y desde entonces ha sido restaurado e intervenido en diversas ocasiones con motivo de su funcionamiento como museo.  Desde 2001 a 2009 el Museo fue reformado y puesto a punto, en aplicación de un plan museológico consistente en su renovación, ampliando su ámbito temático desde lo meramente literario hasta lo histórico, político, artístico y decorativo, para dar una visión de conjunto de esta etapa de la vida española. Muestra la ambientación de una casa romántica. Posee obras de los pintores más importantes del siglo XIX (Goya, Madrazo y otros) junto a esculturas, muebles, porcelanas, abanicos y todo tipo de complementos decorativos que nos recuerdan la forma de vida de una familia burguesa del siglo XIX.","1,6",http://www.madrid.es/sites/v/index.jsp?vgnextchannel=bfa48ab43d6bb410VgnVCM100000171f5a0aRCRD&vgnextoid=706cef4d7f71c010VgnVCM1000000b205a0aRCRD,SAN MATEO,CALLE,Número: 13,Madrid,Community of Madrid,28004,4,Justicia,1,Centro,440725,4475259,40.42586197424505,-3.6987680583559555,914 481 045 / 914 480 163,914 456 940,informacion.romanticismo@cultura.gob.es,/contenido/entidadesYorganismos/Museos
Museo del Seguro. Fundación Mapfre,,De lunes a viernes de 9 a 17 horas. Cerrado festivos y mes de agosto.  Visitas en grupo previa reserva en su página web .,,"Metro: Colón (línea 4) y Banco de España (línea 2)  Cercanías Renfe: Recoletos (Líneas C1, C2, C7, C10 y Regional).",,3,http://www.madrid.es/sites/v/index.jsp?vgnextchannel=bfa48ab43d6bb410VgnVCM100000171f5a0aRCRD&vgnextoid=479b95f8c72d5310VgnVCM2000000c205a0aRCRD,BARBARA DE BRAGANZA,CALLE,Número: 14,Madrid,Community of Madrid,28004,4,Justicia,1,Centro,441273,4474967,40.423266511964854,-3.692277196470883,,,,/contenido/entidadesYorganismos/Museos
Museo del Traje. Centro de Investigación del Patrimonio Etnológico (CIPE),"Edificio de carácter monumental, construido por Jaime López de Asiaín en 1969.","Exposición permanente y temporal   Martes a sábado, de 9:30 a 19:00 horas. Domingos y festivos, de 10 a 15:00 horas.  La taquilla finaliza su actividad de venta de entradas 15 minutos antes de la hora del cierre de la exposición.  Noches de verano - Verano en el Museo   Los jueves de julio y agosto, apertura extraordinaria: 19:00 - 22:30 horas.  Cerrado: Todos los lunes, 1 y 6 enero, 1 mayo, 9 noviembre, 24, 25 y 31 diciembre.",,Metro: Ciudad Universitaria (línea 6),,"1,4,6",http://www.madrid.es/sites/v/index.jsp?vgnextchannel=bfa48ab43d6bb410VgnVCM100000171f5a0aRCRD&vgnextoid=053c4291ae91f010VgnVCM2000000c205a0aRCRD,JUAN DE HERRERA,AVENIDA,Número: 2,Madrid,Community of Madrid,28040,3,Ciudad Universitaria,9,Moncloa-Aravaca,438273,4476811,40.439664788611644,-3.727822373257623,915 504 700,,,/contenido/entidadesYorganismos/Museos
Royal Palace of El Pardo,"El Palacio Real de El Pardo es la Residencia Oficial de Jefes de Estado Extranjeros desde 1983 y sus orígenes como cazadero real están vinculados al Monte de El Pardo. Es un edificio vinculado estrechamente a la historia de España. Mandado construir por el Emperador Carlos V en el siglo XVI y que en el siglo XVIII fue ampliado por mandato de Carlos III. Hay que destacar su entorno, ya que está rodeado por el Monte de El Pardo, espacio natural de extraordinario valor, considerado como el bosque mediterráneo más importante de la Comunidad de Madrid.","Martes a domingo, de 10 a 18 horas Acceso gratuito: miércoles y domingo, de 15 a 18 horas (último acceso a las 17 horas)",,Consulta los siguientes enlaces.,,1,http://www.madrid.es/sites/v/index.jsp?vgnextchannel=bfa48ab43d6bb410VgnVCM100000171f5a0aRCRD&vgnextoid=9f9def4d7f71c010VgnVCM1000000b205a0aRCRD,"Calle Manuel Alonso, Montevideo",CALLE,Número: 8,Madrid,Community of Madrid,28048,1,El Pardo,8,Fuencarral-El Pardo,434247,4485823,40.520535786694516,-3.7762260009975077,,,info@patrimonionacional.es,/contenido/entidadesYorganismos/MonumentosEdificiosArtisticos
Royal Palace of Madrid,"El Palacio Real de Madrid es uno de los más hermosos y mejor conservados de Europa. Sus más de 135.000 metros cuadrados han sido testigos de siglos de la historia de España.   Es una de las pocas residencias oficiales de Jefes de Estado que está abierta al público. Cerca de 1,5 millones de visitantes vienen cada año a descubrir sus rincones, sus obras de arte y sus tesoros únicos en el mundo.   Espacios.   Relevos de la Guardia Real.","De lunes a sábado, de 10 a 18 horas (acceso hasta las 17 horas) Domingos, de 10 a 16 horas (acceso hasta las 15 horas) Acceso gratuito al palacio: de lunes a jueves, de 16 a 18 horas (último acceso a las 17 horas)  Jardines del Campo del Moro: todos los días, de 10 a 18 horas",,Metro: Ópera (líneas 2 y 5)  Cercanías Renfe: Príncipe Pío (líneas C7 y C10),,1,http://www.madrid.es/sites/v/index.jsp?vgnextchannel=bfa48ab43d6bb410VgnVCM100000171f5a0aRCRD&vgnextoid=47ddef4d7f71c010VgnVCM1000000b205a0aRCRD,ORIENTE,PLAZA,Número: 0,Madrid,Community of Madrid,28013,1,Palacio,1,Centro,439627,4474355,40.4176388210189,-3.7116287580867042,,,,/contenido/entidadesYorganismos/MonumentosEdificiosArtisticos
Pantheon of Illustrious Men,"El Panteón de España (antes llamado Panteón de hombres ilustres) tiene como objetivo mantener el recuerdo y proyección de los representantes de la historia de la democracia española y de aquellas personas que hayan destacado por su labor en defensa de la convivencia democrática, la paz y los derechos humanos, así como el progreso de la ciencia o la cultura.  Se pueden visitar los mausoleos de políticos y militares como Sagasta, Cánovas del Castillo, Dato, Ríos Rosas, Canalejas o Gutiérrez de la Concha.","De martes a sábado, de 10 a 14 y de 16 a 18:30 horas. Acceso por la mañana hasta las 13:30 horas y por la tarde hasta las 18:00 horas  Domingos y festivos, de 10 a 15 horas, acceso hasta las 14:30 horas  Cierre semanal: lunes durante todo el año",,Metro: Estación del Arte (Atocha) (línea 1)  Cercanías Renfe: Puerta de Atocha-Almudena Grandes (todas),,1,http://www.madrid.es/sites/v/index.jsp?vgnextchannel=bfa48ab43d6bb410VgnVCM100000171f5a0aRCRD&vgnextoid=361cef4d7f71c010VgnVCM1000000b205a0aRCRD,JULIAN GAYARRE,CALLE,Número: 3,Madrid,Community of Madrid,28014,1,Pacífico,3,Retiro,442012,4473070,40.40623069629338,-3.683398479420631,,,,/contenido/entidadesYorganismos/MonumentosEdificiosArtisticos
Parroquia Santa Cruz,,,,"Metro: Sol (líneas 1, 2 y 3), Tirso de Molina (línea 1).  Cercanías Renfe: Sol (líneas C3, C4, C4a y C4b).",,3,http://www.madrid.es/sites/v/index.jsp?vgnextchannel=bfa48ab43d6bb410VgnVCM100000171f5a0aRCRD&vgnextoid=40e0b069a541f010VgnVCM1000000b205a0aRCRD,ATOCHA,CALLE,Número: 6,Madrid,Community of Madrid,28012,6,Sol,1,Centro,440165,4474015,40.414614986413675,-3.7052543046190265,913 691 239,,santacruz@archimadrid.es,/contenido/entidadesYorganismos/MonumentosEdificiosArtisticos
Madrid Planetarium,"Inaugurado el 29 de septiembre de 1986, es un centro dependiente del Área de Cultura, Turismo y Deporte del Ayuntamiento de Madrid. Durante los años 2016/2017 fue sometido a una profunda renovación tanto tecnológica como de las instalaciones y edificio, posible en virtud de un acuerdo de colaboración entre el Ayuntamiento de Madrid y la Obra Social &amp;ldquo;la Caixa&amp;rdquo; &amp;ndash; que incluye dotación de contenidos, renovación de exposiciones y la realización de actividades varias en el campo de la divulgación científica. Siempre con el fin de contribuir a la difusión de la astronomía y de la ciencia en general, tanto entre escolares como entre el público de cualquier edad y condición, posee una variada oferta de  proyecciones  audiovisuales,  exposiciones  y  actividades  ( talleres, cursos, conferencias, observaciones públicas...). Las proyecciones que se ofrecen en el Planetario de Madrid se renuevan periódicamente y tienen una duración aproximada de 30 minutos. Existen dos programaciones básicas diferentes: una activa durante el verano y época de vacaciones escolares, y otra durante el curso escolar. Durante el curso escolar, las proyecciones de las mañanas de los días lectivos se reservan a escolares .    Video de presentación del centro.   Planetario en  Google Maps.   Redes Sociales:  canal de WhatsApp, Facebook, X- antiguo twitter, YouTube, Instagram.","Horario del centro: De martes a domingo, de 10:00 a 13:45 h y de 17 a 19:45 h. Las mañanas de los días lectivos están dedicadas a las visitas escolares.*Horario de verano (ver arriba).     Cerrado: Todos los lunes del año. Días 1 y 6 de enero; 1 de mayo; 24, 25 y 31 de diciembre.   Horario de proyecciones .","Sala de Proyección. Planta calle. Para acceder a ella es necesario adquirir una entrada. Cuatro áreas expositivas de acceso gratuito, distribuidas en dos plantas:     Sala de Astrónomos. Planta baja. Vestíbulo de la planta baja. Vestíbulo de la planta calle. Zona Audiovisual con pantalla de retroproyección. Planta calle.     Tienda: Planta calle. Sala de Video. Planta baja, en donde se desarrollan los talleres ofertados.  Zona wifi.  Accesibilidad en el Planetario de Madrid. Redes sociales:  canal de WhatsApp, Facebook, X- antiguo twitter, YouTube, Instagram.",Metro: Méndez Álvaro (línea 6). Cierre de la línea 6 de metro (año 2025). Más información.  Cercanías Renfe: Méndez Álvaro (C5 y C10)  Planetario en  Google Maps.,,"1,6",http://www.madrid.es/sites/v/index.jsp?vgnextchannel=bfa48ab43d6bb410VgnVCM100000171f5a0aRCRD&vgnextoid=c9c5b069a541f010VgnVCM1000000b205a0aRCRD,PLANETARIO,AVENIDA,Número: 16,Madrid,Community of Madrid,28045,4,Legazpi,2,Arganzuela,441868,4471523,40.392279999540044,-3.684956957448299,"914 673 461 (reserva grupos)                                                                                                                                                                                                                                                                                                                                                                                                                                               
914 673 898 (contestador automático de información)",,buzon@planetmad.es,/contenido/entidadesYorganismos/Planetarios
Royal Basilica of Saint Francis the Great,"Conjunto conventual que sustituyó al monasterio franciscano medieval, construido por Francisco de las Cabezas entre 1761 y 1768, que fue relevado por Antonio Polo y que concluye Francisco Sabatini en 1784 donde se exponen colecciones de pinturas de los siglos XVII al XIX.",Visita Guiada Museo y tarifas,,"Metro: La Latina (línea 5), Puerta de Toledo (línea 5).",,1,http://www.madrid.es/sites/v/index.jsp?vgnextchannel=bfa48ab43d6bb410VgnVCM100000171f5a0aRCRD&vgnextoid=ef8d0713fb71c010VgnVCM1000000b205a0aRCRD,SAN BUENAVENTURA,CALLE,Número: 1,Madrid,Community of Madrid,28005,1,Palacio,1,Centro,439377,4473603,40.41084698628934,-3.714492963837602,91 575 99 66,,madridfcogrande@ofminmaculada.org,/contenido/entidadesYorganismos/MonumentosEdificiosArtisticos
Royal Tapestry Factory,,Lunes a viernes: de 10 a 14 horas.,,"Metro: Menéndez Pelayo (línea 1).  Bus: 10, 14, 24, 26, 32, 37, 54, 57, 141, 152, C1, C2",,3,http://www.madrid.es/sites/v/index.jsp?vgnextchannel=bfa48ab43d6bb410VgnVCM100000171f5a0aRCRD&vgnextoid=53cbff632081c010VgnVCM1000000b205a0aRCRD,FUENTERRABIA,CALLE,Número: 2,Madrid,Community of Madrid,28014,1,Pacífico,3,Retiro,442087,4473054,40.406094596697045,-3.6825092130232404,914 340 550,,informacion@realfabricadetapices.com,/contenido/entidadesYorganismos/MonumentosEdificiosArtisticos
Royal Monastery of Santa Isabel,"Una de las obras más destacadas en Madrid del arquitecto real Juan Gómez de Mora.  El Real Monasterio de Santa Isabel, que da nombre a la antigua Fábrica de Tapices del mismo nombre, representada por Velázquez en Las hilanderas, fue fundado por Felipe II en el lugar donde su secretario, Antonio Pérez, tuvo su suntuosa casa de campo. El patronato le otorgó a la iglesia una doble función: un convento de Agustinas y un colegio, inicialmente destinado a las hijas de los servidores de la Casa Real.",El acceso al templo sólo es posible en horario de culto.,,Metro: Estación del Arte (Atocha) (línea 1)  Cercanías Renfe: Atocha (todas),,3,http://www.madrid.es/sites/v/index.jsp?vgnextchannel=bfa48ab43d6bb410VgnVCM100000171f5a0aRCRD&vgnextoid=545b544a249c6110VgnVCM1000000b205a0aRCRD,SANTA ISABEL,CALLE,Número: 48,Madrid,Community of Madrid,28012,2,Embajadores,1,Centro,440926,4473438,40.409468201532654,-3.696232255860979,,,,/contenido/entidadesYorganismos/MonumentosEdificiosArtisticos
Royal Convent of La Encarnación,"El Monasterio de La Encarnación de Madrid fue fundado en 1611 por los Reyes Felipe III y Margarita de Austria-Estiria, fruto del deseo personal de la Reina, que al ver la obra realizada por la Princesa Juana de Portugal en las Descalzas Reales decidió levantar un convento de similares características en las proximidades del Alcázar, quedando unido a este por un pasadizo.  Su arquitectura es el mejor ejemplo del estilo de los Austrias posterior a la construcción del Real Monasterio de San Lorenzo de El Escorial.","De martes a sábado, de 10 a 14 horas (acceso hasta las 13 horas) y de 16 a 18:30 horas (acceso hasta las 17:30 horas)  Domingos y festivos: Monasterio, de 10 a 15 horas (acceso hasta las 14 horas)  Cierre semanal: lunes durante todo el año  Acceso gratuito: miércoles y jueves,?de 16 a 18:30 horas (último acceso a las 17:30 horas)",,"Metro: Ópera (líneas 2, 5 y Ramal Ópera Príncipe Pío), Plaza de España (líneas 3, 10)",,3,http://www.madrid.es/sites/v/index.jsp?vgnextchannel=bfa48ab43d6bb410VgnVCM100000171f5a0aRCRD&vgnextoid=72ad0713fb71c010VgnVCM1000000b205a0aRCRD,ENCARNACION,PLAZA,Número: 1,Madrid,Community of Madrid,28013,1,Palacio,1,Centro,439634,4474582,40.4196839293774,-3.7115609584031253,,,,/contenido/entidadesYorganismos/MonumentosEdificiosArtisticos
Temple of Debod,"Templo egipcio dedicado a Amón de Debod y a Isis, construido entre 185 AC y el siglo I de la Era. Fue donado por Egipto a España en 1968, en agradecimiento por la ayuda en el salvamento de los templos de Abu Simbel.  Egyptian temple dedicated to Amun of Debod and Isis. It was built between 185 BC and the 1st century. It was donated by Egypt to Spain in 1968 for its help in the rescue of the temples of Abu Simbel.","Martes a domingo y festivos, de 10 a 20  horas.   Horario verano (del 15 de junio al 15 de septiembre): Martes a domingo y festivos, de 10 a 19 horas.  Cerrado todos los lunes (incluidos lunes festivos) y los días 1 y 6 de enero, 1 de mayo, 24, 25 y 31 de diciembre. Último acceso al templo a las 19:30 horas. El horario y la apertura de salas pueden sufrir modificaciones. Por favor, confírmelo en el teléfono de información del museo.","Obtención de información sobre sus fondos y colecciones con fines de investigación, enseñanza o difusión.   Se pueden realizar fotografías o grabaciones de vídeo libremente en el exterior o en el interior del templo, siempre y cuando no se utilicen flash o trípode y su fin no sea comercial. Para la obtención de reproducciones de fotografías del archivo del templo de Debod con fines editoriales, de investigación, difusión o comerciales el interesado deberá cumplimentar la solicitud de Reproducciones Fotográficas. La realización de reportajes fotográficos y grabaciones profesionales en el recinto del templo de Debod (estanque delantero, plataformas y edificio) sólo será autorizada cuando los fines para los que se solicita sean la divulgación y difusión cultural del monumento o de las actividades museísticas que en él se desarrollen. Cualquier otra finalidad, gratuita o comercial, será desestimada. El horario de información telefónica y telemática del Templo de Debod es de lunes a viernes de 8 a 15 horas. Fuera de este horario puede utilizar el teléfono gratuito de Línea Madridl 010 (914 800 010, si llama desde fuera de la ciudad de Madrid, con el prefijo 34 si llama desde fuera de España). Zona wifi.","Metro: Plaza de España (líneas 3 y 10) y Ventura Rodríguez (línea 3) Bus: 1, 2, 3, 25, 39, 44, 46, 74, 75, 133, 138, 148, C1 y C2 Renfe: Príncipe Pío  Bus turístico: Ruta 1. PARADA 10 - Templo de Debod Otras formas de acceso:   Aparcamiento de coches: dentro del Área de Estacionamiento Regulado de la ciudad de Madrid.  BICIMAD (Servicio público de bicicletas de la ciudad de Madrid): Estación 115 (calle Evaristo San Miguel s/n.,entre Paseo Pintor Rosales y calle Ferraz)","El templo de Debod no cuenta en la actualidad con accesos adaptados a personas con movilidad reducida y la circulación en su interior es igualmente difícil.  Debod temple has currently no access adapted for people with reduced mobility.    El templo es un monumento histórico de una antig&amp;uuml;edad de 2.200 años. Su estructura interna, que constituye el espacio de actual de exposición, está formada por distintas salas de dimensiones reducidas, con vanos estrechos y numerosas barreras, que responden a los fines y necesidades de los cultos religiosos que en él tuvieron lugar, pero que imposibilitan la circulación con sillas de ruedas convencionales.  La legislación sobre accesibilidad vigente en nuestra Comunidad (Ley 8/1993 de 22 de Junio de Promoción de la Accesibilidad y Supresión de Barreras Arquitectónicas), en su disposición adicional 7&amp;ordf;, exime de su aplicación en los inmuebles declarados Bien de Interés Cultural o en aquellos edificios de valor histórico-artístico. No obstante, se está trabajando en hacer accesibles las plataformas en las que se levanta el templo y sus dos portales.","0,6",http://www.madrid.es/sites/v/index.jsp?vgnextchannel=bfa48ab43d6bb410VgnVCM100000171f5a0aRCRD&vgnextoid=13b432df1d51c010VgnVCM2000000c205a0aRCRD,FERRAZ,CALLE,Número: 1,Madrid,Community of Madrid,28008,1,Casa de Campo,9,Moncloa-Aravaca,439218,4475093,40.42425096551599,-3.716531855540272,913 667 415 (Museo de San Isidro / Templo de Debod),,templodebod@madrid.es,/contenido/entidadesYorganismos/MonumentosEdificiosArtisticos
Yacimiento paleontológico. Estación de Metro Carpetana,"Durante las obras de remodelación de la estación de Carpetana se descubrieron restos paleontológicos con valiosos hallazgos del Mioceno, lo que ha hecho posible una reconstrucción de los paleoambientes en dos yacimientos verticales.  Más información.","Todos los días durante la apertura de la estación, de 6 a 1:30 horas.",,Metro: Carpetana (línea 6).,,1,http://www.madrid.es/sites/v/index.jsp?vgnextchannel=bfa48ab43d6bb410VgnVCM100000171f5a0aRCRD&vgnextoid=05fbb57fd3c70410VgnVCM1000000b205a0aRCRD,VIA CARPETANA,CALLE,Número: 141,Madrid,Community of Madrid,28047,4,Vista Alegre,11,Carabanchel,437086,4471590,40.39254099575156,-3.7413026173286053,,,,/contenido/entidadesYorganismos/Museos
