PK;NOMBRE;DESCRIPCION-ENTIDAD;HORARIO;EQUIPAMIENTO;TRANSPORTE;DESCRIPCION;ACCESIBILIDAD;CONTENT-URL;NOMBRE-VIA;CLASE-VIAL;TIPO-NUM;NUM;PLANTA;PUERTA;ESCALERAS;ORIENTACION;LOCALIDAD;PROVINCIA;CODIGO-POSTAL;COD-BARRIO;BARRIO;COD-DISTRITO;DISTRITO;COORDENADA-X;COORDENADA-Y;LATITUD;LONGITUD;TELEFONO;FAX;EMAIL;TIPO
6017808;"Casa Museo Fuente del Rey";"Fundación AMYC - Fran Daurel  Este museo,  situado en Aravaca y conocido tambi�n como Casa - Museo Fuente del Rey. Fundaci�n AMYC, ofrece al visitante una colecci�n de m�s de 250 obras entre pinturas, dibujos y esculturas (198 pinturas, 37 esculturas y 27 dibujos) realizadas desde mediados del siglo XIX hasta principios del XXI. Se exponen piezas de grandes artistas modernistas e impresionistas como Sorolla, Mariano Fortuny, Nonell, Rusi�ol, Ram�n Casas, Mir, Rendir, Gargallo, Joseph Llimona, Joan Mir�, Salvador Dal�, Tapies, Anglada Camarasa o Torres Garc�a, entre otros. La colecci�n est� formada por los fondos privados del coleccionista y mecenas Francisco Daurella y se muestra en lo que fue su casa. Los m�s de 3000 metros cuadrados del edificio as� como su jard�n, han sido rehabilitados para poder acoger las obras en el que es el primer museo de la capital dedicado en exclusiva al arte catal�n.";"De lunes a viernes de 10:00 a 19:00 horas. Visitas guiadas concertadas Agosto cerrado";"";"Consulta los siguientes enlaces:";"";"3";"http://www.madrid.es/sites/v/index.jsp?vgnextchannel=bfa48ab43d6bb410VgnVCM100000171f5a0aRCRD&vgnextoid=5c1260101310f210VgnVCM1000000b205a0aRCRD";"FUENTE DEL REY";"CALLE";"V";"11";"";"";"";"";"MADRID";"MADRID";"28023";"7";"ARAVACA";"9";"MONCLOA-ARAVACA";"434663";"4478596";"40.45546866305681";"-3.7705716814130965";"913 579 116";"";"info@fundaciofrandaurel.com";"/contenido/entidadesYorganismos/FundacionesCulturales"
4847190;"Casa Museo Lope de Vega";"'Mi casilla, mi quietud, mi g&amp;uuml;ertecillo y estudio'. As� define su casa F�lix Lope de Vega (1562-1635) en una carta dirigida a un amigo. Situada en pleno centro hist�rico, en el Barrio de las Letras, la Casa Museo Lope de Vega se ubica en el edificio donde el escritor vivi� sus �ltimos 25 a�os. La recreaci�n de ambientes, cuyo objetivo es que se respire la presencia de Lope, evoca la vida cotidiana del Siglo de Oro y nos acerca a su intimidad. El equipamiento de la casa incorpora obras de arte, mobiliario, enseres y ediciones bibliogr�ficas vinculadas al literato y su tiempo.";"De martes a domingo, de 10 a 18 horas.  Cerrado los lunes, d�as 1 y 6 de enero, 1 de mayo, 9 de noviembre y 24, 25 y 31 de diciembre.";"";"Metro: Ant�n Mart�n (l�nea 1), Sevilla (l�nea 2), Sol (l�neas 1, 2 y 3).";"";"0,4";"http://www.madrid.es/sites/v/index.jsp?vgnextchannel=bfa48ab43d6bb410VgnVCM100000171f5a0aRCRD&vgnextoid=4eff8c46145e8110VgnVCM2000000c205a0aRCRD";"CERVANTES";"CALLE";"V";"11";"";"";"";"";"MADRID";"MADRID";"28014";"3";"CORTES";"1";"CENTRO";"440825";"4473983";"40.41436862259971";"-3.6974667215860615";"914 299 216";"";"casamuseolopedevega@madrid.org";"/contenido/entidadesYorganismos/Museos"
4949641;"Casita Museo de Ratón Pérez";"La Casita-Museo constituye un espacio singular y diferente en el que conviven magia y cultura. Nos habla de un inmenso valor: la fraternidad humana, y posibilita que ni�os y mayores puedan conocer y acercarse a este madrile�o querido por todos, generando la ilusi�n de cuantos la visitan.   La CMRP da la bienvenida a cuantos visitantes de m�ltiples procedencias, nacional e internacional, familias y grupos escolares acuden para conocer y encontrarse con este personaje �nico, madrile�o y universal.   El Museo: &amp;ldquo;Peque�o por fuera, grande por dentro, como su due�o&amp;rdquo;.    Duraci�n de la visita: 40 minutos.";"Visitas: horarios y reservas.";"";"Metro: Sol (l�neas: 1, 2 y 3), �pera (l�neas 2, 5 y Ramal �pera Pr�ncipe P�o), Callao (l�neas 3, 5).  Cercan�as Renfe: Sol (l�neas C3, C4, C4a, C4b y Regional).";"Se aconseja acudan con la entrada adquirida anticipadamente.   En taquilla.  Whatsapp (634 74 27 68)  No se reservan entradas por correo electr�nico, toda informaci�n que necesite sobre entradas podr� hacerlo v�a whatsapp. Se aconseja reservar con antelaci�n, ESPECIALMENTE los FINES DE SEMANA.";"0";"http://www.madrid.es/sites/v/index.jsp?vgnextchannel=bfa48ab43d6bb410VgnVCM100000171f5a0aRCRD&vgnextoid=990950e86d4ca110VgnVCM2000000c205a0aRCRD";"ARENAL";"CALLE";"V";"8";"1.�";"";"";"La Casita- Museo se encuentra en el interior de una galer�a comercial. Se accede por escaleras a la primera planta y por el momento no existe ascensor.";"MADRID";"MADRID";"28013";"6";"SOL";"1";"CENTRO";"440144";"4474287";"40.4170597715272";"-3.7055199334442492";"915 226 968";"";"info@casamuseoratonperez.es";"/contenido/entidadesYorganismos/Museos"
5682031;"Castillo de la Alameda";"El Castillo de la Alameda o de Barajas es uno de los escasos vestigios de la arquitectura militar del pasado siglo XV y uno de los pocos castillos que ha sobrevivido al paso del tiempo. Bajo �l y su entorno, existen restos de asentamientos antiguos desde la Edad del Bronce hasta la �poca Romana.";"Abierto solo en fin de semana (s�bado y domingo) y festivos (excepto lunes festivos)  Del 1 de abril al 14 de junio de 10 a 21 horas. Del 15 de junio al 15 de septiembre de 10 a 20 horas. Del 16 al 30 de septiembre de 10 a 21 horas. De octubre a marzo de 10 a 18 horas.  Cerrado: 1 y 6 de enero, 1 de mayo, 24, 25 y 31 de diciembre.";"Zona wifi.";"Metro: Alameda de Osuna y El Capricho (l�nea 5).";"Accesibilidad   Rampas de acceso (las rampas de acceso en estos momentos est�n inhabilitadas) Aseos adaptados para personas con movilidad reducida. Informaci�n en Braille para personas con discapacidad visual.";"1,6";"http://www.madrid.es/sites/v/index.jsp?vgnextchannel=bfa48ab43d6bb410VgnVCM100000171f5a0aRCRD&vgnextoid=fe43c4be8e688210VgnVCM1000000b205a0aRCRD";"ANTONIO SANCHA";"CALLE";"V";"1";"";"";"";"";"MADRID";"MADRID";"28042";"1";"ALAMEDA DE OSUNA";"21";"BARAJAS";"449698";"4478802";"40.45836469361315";"-3.5932763223327178";"913 667 415";"";"castilloalameda@madrid.es";"/contenido/entidadesYorganismos/MonumentosEdificiosArtisticos"
2064;"Casón del Buen Retiro";"El Centro de Estudios del Prado est� ubicado en el Cas�n del Buen Retiro, que aloja adem�s la Biblioteca, el Archivo, el Centro de Documentaci�n y los Departamentos de Conservaci�n del Museo Nacional del Prado.";"";"";"Metro: Estaci�n del Arte (l�nea 1), Banco de Espa�a (l�nea 2).  Cercan�as Renfe:  Atocha (l�neas C1, C2, C3, C4, C4a, C4b, C5, C7 y C10).";"Descripci�n monumental  El Cas�n o Sal�n de Baile es el �nico volumen que permanece del antiguo Palacio del buen Retiro, ejecutado en 1637 con un proyecto de Alonso Carbonel. A�n se conserva la b�veda de ca�on con lunetas, pintada al fresco por Lucas Jord�n en 1692 con la Alegor�a del Tois�n de Oro. Su fachada principal, a poniente, arrasada la primitiva en 1886 por un cicl�n, es de Vel�zquez Bosco. La �ltima rehabilitaci�n ha sido realizada por Jaime Torruell.";"1";"http://www.madrid.es/sites/v/index.jsp?vgnextchannel=bfa48ab43d6bb410VgnVCM100000171f5a0aRCRD&vgnextoid=f0443d0b5e71c010VgnVCM1000000b205a0aRCRD";"ALFONSO XII";"CALLE";"V";"28";"";"";"";"";"MADRID";"MADRID";"28014";"5";"LOS JERONIMOS";"3";"RETIRO";"441525";"4474078";"40.41527545361461";"-3.689222446432277";"913 302 821";"";"centro.estudios@museodelprado.es";"/contenido/entidadesYorganismos/MonumentosEdificiosArtisticos"
2069;"Centro Cultural La Corrala. Museo de Artes y Tradiciones Populares";"";"Lunes a viernes de 10 a 20 horas. S�bados de 10 a 14 horas. Cerrado domingos, festivos y mes de agosto, 24 y 31 diciembre.";"Las visitas individuales (grupos inferiores a 7 personas) no necesitan reserva previa. Reservas (Grupos de 8 a 20 personas m�ximo) a trav�s de visitas.atp@uam.es o en el telef�no 914 976 500";"Metro: La Latina (l�nea 5)";"";"3";"http://www.madrid.es/sites/v/index.jsp?vgnextchannel=bfa48ab43d6bb410VgnVCM100000171f5a0aRCRD&vgnextoid=5c39ef4d7f71c010VgnVCM1000000b205a0aRCRD";"CARLOS ARNICHES";"CALLE";"V";"3";"";"";"";"";"MADRID";"MADRID";"28005";"2";"EMBAJADORES";"1";"CENTRO";"439899";"4473375";"40.408827275648434";"-3.7083241323093614";"914 976 500";"";"museoatp@uam.es / lacorrala@uam.es";"/contenido/entidadesYorganismos/Museos"
6469186;"Ermita de San Antonio de la Florida (Museo)";"Ermita dedicada a San Antonio de Padua y peque�o museo. Las pinturas murales que la decoran son de Francisco de Goya. Alberga los restos mortales del artista desde 1919. Para preservar sus pinturas, en 1929 se traslad� el culto a una ermita gemela construida a su lado, dejando el edificio original como museo.";"General   De martes a domingos de 9:30 a 20 horas.   Verano (del 15 de junio al 15 de septiembre)   De martes a domingo de 9:30 a 19 horas.   Cerrado:  lunes (incluidos festivos), 1 y 6 de enero, 1 de mayo, 24, 25 y 31 de diciembre.  �ltimo pase de visita: 20 minutos antes del cierre (el desalojo de las salas comenzar� 10 minutos antes) Este horario y la apertura de salas pueden sufrir modificaciones.";"Tienda, en la que se pueden adquirir las gu�as y publicaciones sobre la ermita editadas por el Museo y otros organismos p�blicos, as� como cat�logos y publicaciones de instituciones culturales del Ayuntamiento de Madrid.";"Metro: Pr�ncipe P�o (l�neas 5, 10 y ramal �pera - Pr�ncipe P�o)  Bus: 41, 46 y 75 (Intercambiador Pr�ncipe P�o)  Renfe: Pr�ncipe P�o  BICIMAD: Estaci�n 161 (Paseo de la Florida 8)";"";"2,6";"http://www.madrid.es/sites/v/index.jsp?vgnextchannel=bfa48ab43d6bb410VgnVCM100000171f5a0aRCRD&vgnextoid=75950204770e7310VgnVCM2000000c205a0aRCRD";"SAN ANTONIO DE LA FLORIDA";"GLORIETA";"V";"5";"";"";"";"";"MADRID";"MADRID";"28008";"1";"CASA DE CAMPO";"9";"MONCLOA-ARAVACA";"438439";"4475212";"40.425256682855846";"-3.725725718176111";"915 420 722 o 683 429 760";"";"sanantonio@madrid.es";"/contenido/entidadesYorganismos/MonumentosEdificiosArtisticos"
58353;"Espacio Fundación Telef�nica";"";"Martes, mi�rcoles, jueves y viernes de 11 a 20 horas. S�bados, domingo y festivos, de 11 a 20 horas. Cerrado al p�blico todos los lunes y los d�as 25 de diciembre y 1 y 6 de enero.";"";"Metro: Gran V�a (l�neas 1 y 5).  Aparcamientos: Barco 1 (88), Calle Barco; Pedro Zerolo (71), plaza Pedro Zerolo sin n�mero; plaza del Carmen (8).";"";"1,6";"http://www.madrid.es/sites/v/index.jsp?vgnextchannel=bfa48ab43d6bb410VgnVCM100000171f5a0aRCRD&vgnextoid=87748ed67151c010VgnVCM2000000c205a0aRCRD";"FUENCARRAL";"CALLE";"V";"3";"";"";"";"";"MADRID";"MADRID";"28004";"5";"UNIVERSIDAD";"1";"CENTRO";"440480";"4474658";"40.42042493125648";"-3.701594573150366";"914 984 273 (informaci�n general) / 679 765 254 (visitas guiadas y talleres educativos)";"";"espacio@fundaciontelefonica.com";"/contenido/entidadesYorganismos/Museos"
12324237;"Front�n Beti Jai";"Beti Jai es el �ltimo de los frontones monumentales de Madrid. Construido en 1894, en pleno auge del juego de pelota vasca, este proyecto del arquitecto Joaqu�n Rucoba combina diferentes lenguajes arquitect�nicos (neocl�sico, neomud�jar, etc) que a su vez conviven con elementos caracter�sticos de la arquitectura del hierro, vinculada a la Revoluci�n Industrial.";"De martes a domingo, de 10 a 14 horas.    Cerrado los d�as 25 de  diciembre y 1 de enero,";"";"Metro: Rub�n Dar�o (l�nea 5) / Alonso Mart�nez (l�neas 4, 5 y 10)";"";"1";"http://www.madrid.es/sites/v/index.jsp?vgnextchannel=bfa48ab43d6bb410VgnVCM100000171f5a0aRCRD&vgnextoid=f4e1273c8ff5e810VgnVCM1000001d4a900aRCRD";"MARQUES DEL RISCAL";"CALLE";"V";"7";"";"";"";"";"MADRID";"MADRID";"28010";"4";"ALMAGRO";"7";"CHAMBERI";"441375";"4475788";"40.4306688171435";"-3.6911570649287717";"";"";"";"/contenido/entidadesYorganismos/Museos"
12329440;"Galer�a de la Colecciones Reales";"Un museo en un magn�fico edificio del siglo XXI que pone a disposici�n de sus visitantes una selecci�n de las colecciones reunidas por los sucesivos reyes de Espa�a a lo largo de los �ltimos cinco siglos, pertenecientes en la actualidad al Estado espa�ol y cuyo cuidado, conservaci�n y difusi�n es responsabilidad de Patrimonio Nacional, instituci�n adscrita como organismo aut�nomo al Ministerio de Presidencia, Justicia y Relaciones con las Cortes. Con un relato ordenado cronol�gicamente, desde el fin de la Edad Media hasta nuestros d�as, la Galer�a ofrece un interesante di�logo entre piezas: el que conforman las pinturas de grandes maestros como Juan de Flandes, Vel�zquez, Caravaggio, Bernini o Goya, con los m�s exquisitos ejemplos de artes decorativas, mobiliario, libros, instrumentos musicales, armaduras o tapices.  La Galer�a de las Colecciones Reales, inaugurada en el verano de 2023, nace con la vocaci�n de ser el mejor escaparate para los palacios, monasterios, iglesias, montes y patronatos que gestiona Patrimonio Nacional, fascinantes escenarios de poder y centros de actividad pol�tica, saber y espiritualidad, ubicados en 6 comunidades aut�nomas. Conjuntos monumentales como el Palacio Real de Madrid, los palacios de La Granja de San Ildefonso o de Aranjuez; el Real Monasterio de San Lorenzo de El Escorial o el Monasterio de las Descalzas Reales, muchos de ellos dotados de ricas bibliotecas y archivos, convertidos hoy en lugares imprescindibles de consulta y conocimiento, tienen su presencia en la Galer�a.  De este modo, la Galer�a se concibe como un complemento a los Reales Sitios, donde las piezas, que en ellos se conservan y exponen en su contexto, puedan ser admiradas de otra forma: ordenadas cronol�gicamente, en relaci�n con otras objetos de su misma �poca, y en constante rotaci�n, para que en la exposici�n permanente puedan integrarse bienes culturales de todo el Patrimonio Nacional.";"De lunes a s�bado, de 10 a 20 horas  Domingos y festivos, de 10 a 19 horas   Horarios gratuitos: de lunes a jueves, de 18 a 20 horas    Horario reducido: 24 y 31 de diciembre, de 10 a 15 horas   Cerrado: 1 y 6 de enero, 1 de mayo y 25 de diciembre";"";"Metro: �pera (l�neas 2 y 5), Plaza de Espa�a (l�neas 2, 3 y 10) y Pr�ncipe P�o (l�neas 6 y 10)  Cercan�as Renfe:?Pr�ncipe P�o (l�neas C7 y C10)";"Tarifas   Visitas   Visita accesible";"1,4,5,6";"http://www.madrid.es/sites/v/index.jsp?vgnextchannel=bfa48ab43d6bb410VgnVCM100000171f5a0aRCRD&vgnextoid=a46206f392a7e810VgnVCM2000001f4a900aRCRD";"BAILEN";"CALLE";"V";"0";"";"";"";"s/n";"MADRID";"MADRID";"28013";"1";"PALACIO";"1";"CENTRO";"439542";"4474839";"40.42199428916459";"-3.7126736761494654";"918 403 883";"";"";"/contenido/entidadesYorganismos/MonumentosEdificiosArtisticos"
79870;"Imprenta Municipal - Artes del libro";"La Imprenta Municipal-Artes del Libro, inaugurada como museo en diciembre de 2011, ofrece a la ciudadan�a contenidos culturales ligados a la historia de la imprenta, del libro y de las artes asociadas a ellos. El precedente de esta instituci�n se encuentra en la Imprenta Artesanal.  Su colecci�n posee m�s de 3000 piezas procedentes de las artes gr�ficas. Mantiene adem�s los talleres profesionales con impresi�n tipogr�fica y encuadernaci�n art�stica y artesanal. El edificio, construcci�n de car�cter racionalista terminada en 1933 y realizada por Javier Ferrero Lluis� y Luis Bellido, comparte entorno con algunos edificios y espacios relevantes de la ciudad.";"De martes a domingos y festivos: de 10 a 20 horas.  Semana de San Isidro:  de martes a domingo de 10 a 19 horas.   Verano: del 15 de junio al 15 de septiembre, de martes a domingos y festivos de 10 a 19 horas.   Cerrado: todos lunes y los d�as 1 y 6 de enero, 1 de mayo y 24, 25 y 31 de diciembre.";"Sal�n de actos. Biblioteca especializada y Centro de Documentaci�n (consulta de fondos por investigadores previa cita). Pr�stamo para exposiciones. Venta de publicaciones. Zona wifi.";"Metro: Sol, Tirso de Molina, Latina Bus: 3, 6, 17, 18, 23, 26, 31, 32, 35, 50, 51, 60, 65, M-1 Cercan�as Renfe: Sol BICIMAD: Estaci�n 40 (Plaza de Romanones 9)";"";"1,6";"http://www.madrid.es/sites/v/index.jsp?vgnextchannel=bfa48ab43d6bb410VgnVCM100000171f5a0aRCRD&vgnextoid=26a38ed67151c010VgnVCM2000000c205a0aRCRD";"CONCEPCION JERONIMA";"CALLE";"V";"15";"";"";"";"";"MADRID";"MADRID";"28012";"2";"EMBAJADORES";"1";"CENTRO";"440146";"4473936";"40.413896825498995";"-3.7054692169323364";"Lunes a viernes de 9 a 15 h: 914 294 271
Lunes a viernes de 15 a 20 h: 914 777 549
Fin de semana de 10 a 20 h: 914 777 549";"";"imprentamunicipal@madrid.es";"/contenido/entidadesYorganismos/Museos"
103331;"La Casa Encendida de la Fundaci�n Montemadrid";"Edificio de car�cter monumental. De estilo neomud�jar, fue dise�ado por el arquitecto Fernando Arb�s e inaugurado en el a�o 1913. Cuenta con m�s de 6000 metros cuadrados de instalaciones divididas en 4 plantas y una azotea. Centro social y cultural.";"De martes a s�bado: de 10 a 21 horas. Domingos: de 10 a 16 horas. Cierre de salas de exposici�n: 15 minutos antes de la hora de cierre del centro.";"Biblioteca, mediateca, hemeroteca, espacio para el voluntariado Cafeter�a Terraza &amp;ndash; caf� bar Visitas guiadas";"Metro: Embajadores (l�nea 3), Lavapies (l�nea 3) y Atocha (l�nea 1)  Cercan�as Renfe: Embajadores (l�nea C5)";"";"1,4,6";"http://www.madrid.es/sites/v/index.jsp?vgnextchannel=bfa48ab43d6bb410VgnVCM100000171f5a0aRCRD&vgnextoid=c27f8899fc81c010VgnVCM1000000b205a0aRCRD";"VALENCIA";"CALLE";"V";"2";"";"";"";"";"MADRID";"MADRID";"28012";"2";"EMBAJADORES";"1";"CENTRO";"440526";"4473304";"40.408231879769815";"-3.7009306399513022";"915 062 180";"";"";"/contenido/entidadesYorganismos/MonumentosEdificiosArtisticos"
3348;"Monasterio de las Descalzas Reales";"Un espacio �nico para evocar a los Austrias espa�oles de los siglos XVI y XVII  El Monasterio de las Descalzas Reales, en pleno coraz�n de Madrid, constituye un espacio de culto y tranquilidad donde el visitante puede observar el contraste con el bullicio de la capital. Fue voluntad de su fundadora, Juana de Austria (1535-1573), hija menor del Emperador Carlos V y princesa de Portugal, convertir el palacio en el que ella misma naci�, y que pertenec�a al tesorero de su padre, en un monasterio de monjas clarisas. En �l instal� sus aposentos tras su regreso de Portugal, y en la capilla que ocupa el mismo espacio en el que vino al mundo descansa su cuerpo.";"Solo visitas guiadas:    De martes a s�bado, de 10 a 14 horas (acceso hasta las 13 horas) y de 16 a 18:30 horas (acceso hasta las 17:30 horas)  Domingos y festivos: Monasterio, de 10 a 15 horas (acceso hasta las 14 horas)  Cierre semanal: lunes durante todo el a�o  Acceso gratuito: mi�rcoles y jueves,?de 16 a 18:30 horas (�ltimo acceso a las 17:30 horas)";"";"Metro: Sol (l�neas 1, 2 y 3), Callao (l�neas 3 y 5) y �pera (l�neas 2, 5 y Ramal �pera-Pr�ncipe P�o)  Cercan�as Renfe: Sol (C3 y C4)";"";"3";"http://www.madrid.es/sites/v/index.jsp?vgnextchannel=bfa48ab43d6bb410VgnVCM100000171f5a0aRCRD&vgnextoid=12e113db5b71c010VgnVCM1000000b205a0aRCRD";"DESCALZAS";"PLAZA";"V";"3";"";"";"";"";"MADRID";"MADRID";"28013";"6";"SOL";"1";"CENTRO";"440087";"4474418";"40.4182401043926";"-3.7062038988539387";"";"";"";"/contenido/entidadesYorganismos/MonumentosEdificiosArtisticos"
5873478;"Museo ABC";"Centro de arte, dibujo e ilustraci�n. El Museo ABC se integra en las entra�as hist�ricas de la ciudad, en directa relaci�n con el barrio, de forma que desde sus inicios se plantea como un centro vivo, pr�ximo a la sociedad y de divulgaci�n y conservaci�n del tesoro art�stico que encierra. Desde enero de 2023, el Museo ABC comparte el espacio del edificio con el Centro Cultural Clara del Rey, perteneciente al Ayuntamiento de Madrid. De esta manera, a partir de ahora el edificio se denomina Centro Cultural Clara del Rey &amp;ndash; Museo ABC.";"Horario sala de exposiciones:  Martes a s�bado, de 11 a 14 y de 16 a 20 horas. Lunes y domingo, cerrado.";"";"Metro: San Bernardo (l�neas 2, 4), Noviciado (l�nea 2), Ventura Rodr�guez (l�nea 3), Plaza de Espa�a (l�neas 3, 10)";"Visitas guiadas para grupos: gratuitas. Reserva de d�a y hora en info_museo@abc.es. Grupos m�ximo 20 personas.";"1";"http://www.madrid.es/sites/v/index.jsp?vgnextchannel=bfa48ab43d6bb410VgnVCM100000171f5a0aRCRD&vgnextoid=f0103fee6537c210VgnVCM1000000b205a0aRCRD";"AMANIEL";"CALLE";"V";"29";"";"";"";"";"MADRID";"MADRID";"28015";"5";"UNIVERSIDAD";"1";"CENTRO";"439813";"4475439";"40.42741340671151";"-3.7095381101739444";"917 588 379";"";"info_museo@abc.es";"/contenido/entidadesYorganismos/Museos"
2067;"Museo Africano Misioneros Combonianos";"";"Visitas:   Individuales: domingos, visita guiada a las 11:30 horas. (No es necesario cita previa).  Grupos: de lunes a viernes de 9:30 a 13 horas. Es necesario cita previa, en el tel�fono 91 415 24 12 o desde el formulario de contacto.";"";"Metro: Arturo Soria (L4)";"";"3";"http://www.madrid.es/sites/v/index.jsp?vgnextchannel=bfa48ab43d6bb410VgnVCM100000171f5a0aRCRD&vgnextoid=6ab8ef4d7f71c010VgnVCM1000000b205a0aRCRD";"ARTURO SORIA";"CALLE";"V";"101";"";"";"";"";"MADRID";"MADRID";"28043";"6";"SAN JUAN BAUTISTA";"15";"CIUDAD LINEAL";"444755";"4477849";"40.44946738556641";"-3.651489872602189";"914 152 412";"";"";"/contenido/entidadesYorganismos/Museos"
2050;"Museo Arqueol�gico Nacional";"Fundado en 1867, el MAN se inaugur� en 1895 en su actual sede, el Palacio de Biblioteca y Museos, edificio proyectado por Francisco Jare�o y terminado por Antonio Ruiz de Salces.";"De martes a s�bado de 9:30 a 20 horas. Domingos y festivos de 9:30 a 15 horas.   Cerrado:   Todos los lunes del a�o. 1 y 6 de enero, 1 de mayo y 24, 25 y 31 de diciembre.";"El Museo ofrece a los visitantes las siguientes facilidades para hacer la visita:   Punto de informaci�n  Punto de encuentro  Guardarropa y Consigna  Cambiadores de beb�  Sala de lactancia  Sillas de beb�  Fuente de agua  Tablillas para escribir  Gu�a multimedia  Informaci�n";"Metro: Serrano (l�nea 4), Retiro (l�nea 2)  Cercan�as Renfe: Recoletos (l�neas C1, C2, C7, C8 y C10)";"El Museo hace de la accesibilidad universal uno de sus objetivos prioritarios y, para lograrlo, pone a disposici�n de las personas con discapacidad intelectual, problemas auditivos, visuales y motores, planos y folletos accesibles, espacios y servicios adaptados, ayudas espec�ficas y recursos t�ctiles.  Visitas guiadas para p�blico con discapacidad visual. Planos y folletos accesibles para personas con discapacidad intelectual. Visitas guiadas con servicio de Int�rprete de Lengua de Signos. Espacios interiores sin barreras arquitect�nicas. Aseos adaptados a sillas de ruedas. Sillas de ruedas disponibles en el Guardarropa. Bucles magn�ticos. Planos t�ctiles de la exposici�n permanente. Estaciones t�ctiles. Gu�as multimedia. Sillas plegables. Veh�culos el�ctricos.   Ampl�e informaci�n.";"1,6";"http://www.madrid.es/sites/v/index.jsp?vgnextchannel=bfa48ab43d6bb410VgnVCM100000171f5a0aRCRD&vgnextoid=8fd8ef4d7f71c010VgnVCM1000000b205a0aRCRD";"SERRANO";"CALLE";"V";"13";"";"";"";"";"MADRID";"MADRID";"28001";"1";"RECOLETOS";"4";"SALAMANCA";"441601";"4474966";"40.4232789604228";"-3.6884121235090532";"915 777 912";"";"";"/contenido/entidadesYorganismos/Museos"
50067411;"Museo Banksy Madrid";"Nuevo espacio cultural en Madrid";"De lunes a domingo de 10 a 20 horas (�ltima entrada 19:15 horas). Jueves horario de cierre a las 21 horas.";"M�s datos en https://museobanksy.es/museo-banksy-madrid/informacion-practica-madrid/";"Metro: Acacias (l�nea 5) / Embajadores (l�neas 3 y 5)";"";"1";"http://www.madrid.es/sites/v/index.jsp?vgnextchannel=bfa48ab43d6bb410VgnVCM100000171f5a0aRCRD&vgnextoid=4556e2a774089910VgnVCM100000891ecb1aRCRD";"ESPERANZA";"PASEO";"V";"1";"";"";"";"";"MADRID";"MADRID";"28005";"2";"ACACIAS";"2";"ARGANZUELA";"440075";"4472808";"40.40373631152966";"-3.7061944207022304";"603 607 564";"";"info.madrid@museobanksy.es";"/contenido/entidadesYorganismos/Museos"
2072;"Museo Casa de la Moneda";"";"De martes a viernes ininterrumpidamente de 10 a 20 horas. S�bados, domingos y festivos de 10 a 14 horas. Cerrado los lunes (incluidos festivos), y los d�as 1 y 6 de enero; 24, 25 y 31 de diciembre.";"";"Metro: O&amp;acute;Donnell (l�nea 6), Goya (l�neas 2 y 4).";"";"1,4";"http://www.madrid.es/sites/v/index.jsp?vgnextchannel=bfa48ab43d6bb410VgnVCM100000171f5a0aRCRD&vgnextoid=12f8ef4d7f71c010VgnVCM1000000b205a0aRCRD";"DOCTOR ESQUERDO";"CALLE";"V";"36";"";"";"";"";"MADRID";"MADRID";"28028";"2";"GOYA";"4";"SALAMANCA";"443235";"4474878";"40.42260021542579";"-3.669139860245996";"915 666 544";"915 666 809";"museocasadelamoneda@fnmt.es";"/contenido/entidadesYorganismos/Museos"
4112;"Museo Cerralbo";"Un palacio del siglo XIX, un museo del siglo XX y una instituci�n del siglo XXI  El Museo Cerralbo es un museo de titularidad estatal y gesti�n directa del Ministerio de Cultura.   Un palacio-museo en el que se muestran los espacios y las colecciones del XVII marqu�s de Cerralbo y su familia, que lo habitaron desde finales del siglo XIX a principios del siglo XX.  Recorriendo sus estancias podemos conocer c�mo se viv�a en una residencia aristocr�tica del cambio de siglo. Sus colecciones cuentan con una gran variedad de l�mparas, espejos, armas, textiles, cuadros, objetos de porcelana, mobiliario, piezas arqueol�gicas, etc.  Contiene una Biblioteca con un fondo de unos 24.000 t�tulos, de los cuales cerca de 9.000 pertenecen al fondo antiguo, que adquiri� don Enrique de Aguilera y Gamboa, XVII marqu�s de Cerralbo, a lo largo de su vida. Biblioteca visitable y consulta de acceso restringido.";"El museo abre:    Martes, mi�rcoles, jueves, viernes y s�bados: de 9:30 a 15 horas*  Jueves por la tarde (excepto festivos): de 17 a 20 horas.*  Domingos y festivos: de 10 a 15 horas.*   *El acceso al museo finaliza 1 hora antes de su cierre.    El museo cierra:    Todos los lunes.  1 y 6 de enero.  1 de mayo.  24, 25 y 31 de diciembre.";"";"Metro: Ventura Rodr�guez (l�nea 3); Plaza de Espa�a (l�neas 3 y 10), Noviciado (l�nea 2) y Pr�ncipe P�o (l�neas 6 y 10);   Cercan�as Renfe: Pr�ncipe P�o (l�neas C1, C7 y C10)";"Tarifas   Accesibilidad   Visitas en grupo";"2,6";"http://www.madrid.es/sites/v/index.jsp?vgnextchannel=bfa48ab43d6bb410VgnVCM100000171f5a0aRCRD&vgnextoid=a4efb0c40971c010VgnVCM1000000b205a0aRCRD";"VENTURA RODRIGUEZ";"CALLE";"V";"17";"";"";"";"";"MADRID";"MADRID";"28008";"2";"ARGUELLES";"9";"MONCLOA-ARAVACA";"439380";"4475039";"40.423779252051425";"-3.7145996063573756";"Tel.: 915 473 646 / 647. Atenci�n telef�nica de lunes a viernes de 9 a 14 horas.";"";"museo.cerralbo@cultura.gob.es";"/contenido/entidadesYorganismos/BibliotecasPatrimoniales"
10091450;"Museo EMT";"El Museo de la EMT se ha convertido en realidad tras una d�cada de duro trabajo de recuperaci�n, restauraci�n y reparaci�n del patrimonio hist�rico de la Empresa Municipal de Transportes de Madrid, especialmente, material m�vil, mobiliario, piezas mec�nicas, maquinaria y otros elementos inherentes a la actividad de la EMT en sus 70 a�os de historia.  P�gina web:  https://museo.emtmadrid.es/";"Visitas (con cita previa)  Apertura estacional durante seis meses al a�o: todos los s�bados de abril, mayo, junio, julio, septiembre y octubre), a las 10, a las 11:30 y a las 13 horas. Por ser un centro de trabajo �nicamente pueden realizarse de forma organizada, previamente concertadas y limitadas a un m�ximo de 40 personas por turno. Duraci�n: 60 minutos aproximadamente. Compra de entradas y reserva de horarios a trav�s de la web: https://entradasmuseo.emtmadrid.es/?lang=es-ES.";"Si tiene una discapacidad f�sica o sensorial, contacta con el Museo antes de reservar la visita y le informar�n de la accesibilidad a la instalaci�n.";"Metro: Bego�a (l�nea 10). Bus: 66, 173, 174, 176, 191, 193, 194, 195, 196, 197, 712, 713, 714, 716, L171.";"";"0";"http://www.madrid.es/sites/v/index.jsp?vgnextchannel=bfa48ab43d6bb410VgnVCM100000171f5a0aRCRD&vgnextoid=d56ad05b2a255510VgnVCM2000001f4a900aRCRD";"MAURICIO LEGENDRE";"CALLE";"V";"40";"";"";"";"";"MADRID";"MADRID";"28046";"6";"CASTILLA";"5";"CHAMARTIN";"442096";"4481278";"40.480173612860305";"-3.6831595451893273";"914 068 810";"";"";"/contenido/entidadesYorganismos/AyuntamientoMadrid/OrganismosEmpresasMunicipales"
10237457;"Museo F�lix Ca�ada";"Una selecci�n de m�s de quinientas obras de arte de entre las cerca de mil de la donaci�n original, constituyen la Colecci�n Permanente que se puede visitar en las salas del Museo F�lix Ca�ada de la Fundaci�n G�mez Pardo, adscrita a la Escuela T�cnica Superior de Ingenieros de Minas y Energ�a de la Universidad Polit�cnica de Madrid. Donada por el ingeniero de minas Doctor F�lix Ca�ada Guerrero a la Fundaci�n G�mez Pardo, re�ne una amplia representaci�n de trabajos de destacados artistas, pintores, escultores, ilustradores, grabadores, orfebres, ceramistas, etc. abarcando diferentes periodos desde el siglo XI hasta nuestros d�as.";"Visitas: lunes, mi�rcoles y viernes, de 10 a 13 horas. .";"";"Metro: Rios Rosas (l�nea 1).";"Solo visitas guiadas para grupos entre 10 y 20 personas (sin gu�a propio)";"3";"http://www.madrid.es/sites/v/index.jsp?vgnextchannel=bfa48ab43d6bb410VgnVCM100000171f5a0aRCRD&vgnextoid=cb22820a52799510VgnVCM1000001d4a900aRCRD";"ALENZA";"CALLE";"V";"1";"";"";"";"";"MADRID";"MADRID";"28003";"5";"RIOS ROSAS";"7";"CHAMBERI";"440568";"4477117";"40.44258652423883";"-3.7007870509139242";"914 417 921";"914 729 529";"museo@fgomezpardo.es";"/contenido/entidadesYorganismos/Museos"
2074;"Museo Geominero";"Los objetivos del Museo Geominero son conservar, investigar y difundir la riqueza y diversidad del patrimonio geol�gico, paleontol�gico y mineral�gico a trav�s de las importantes colecciones de minerales, rocas y f�siles procedentes de todas las regiones espa�olas y de antiguos territorios coloniales, as� como de yacimientos significados del registro mundial.";"De lunes a domingo y festivos, de 9 a 14 horas. Cerrado los d�as 1 y 6 de enero, 24, 25 y 31 de diciembre.";"";"Metro: R�os Rosas (l�nea 1), Alonso Cano (l�nea 7), Cuatro Caminos (l�neas 1, 2 y 6)";"";"3";"http://www.madrid.es/sites/v/index.jsp?vgnextchannel=bfa48ab43d6bb410VgnVCM100000171f5a0aRCRD&vgnextoid=ff0bef4d7f71c010VgnVCM1000000b205a0aRCRD";"RIOS ROSAS";"CALLE";"V";"23";"";"";"";"";"MADRID";"MADRID";"28003";"5";"RIOS ROSAS";"7";"CHAMBERI";"440663";"4477057";"40.442053385603636";"-3.699669233707377";"913 495 759";"";"m.geominero@igme.es";"/contenido/entidadesYorganismos/Museos"
2075;"Museo Hist�rico Minero Don Felipe de Borb�n y Grecia";"Ubicado en la Escuela T�cnica Superior de Ingenieros de Minas de Madrid. Edificio Hist�rico (M-1). 1&amp;ordf; Planta";"De Lunes a Viernes de 9:30 a 18 horas Primeros domingos de mes de 10 a 14 horas.";"";"Metro: R�os Rosas (l�nea 1)";"";"3";"http://www.madrid.es/sites/v/index.jsp?vgnextchannel=bfa48ab43d6bb410VgnVCM100000171f5a0aRCRD&vgnextoid=822bef4d7f71c010VgnVCM1000000b205a0aRCRD";"RIOS ROSAS";"CALLE";"V";"21";"";"";"";"";"MADRID";"MADRID";"28003";"5";"RIOS ROSAS";"7";"CHAMBERI";"440603";"4477062";"40.44209227424258";"-3.7003734646151534";"910 676 304";"";"sec.secretario.minasyenergia@upm.es";"/contenido/entidadesYorganismos/Museos"
18176;"Museo ICO";"";"De martes a s�bados: de 11 a 20 horas.   Domingos y festivos: de 10 a 14 horas.    Cerrado: Todos los lunes del a�o.  Horarios especiales: 24 y 31 de diciembre de 10 a 14 horas. 1 de enero, 1 de mayo y 25 de diciembre cerrado.";"";"Metro: Sevilla (l�nea 2)";"";"3";"http://www.madrid.es/sites/v/index.jsp?vgnextchannel=bfa48ab43d6bb410VgnVCM100000171f5a0aRCRD&vgnextoid=2886444a2951c010VgnVCM2000000c205a0aRCRD";"ZORRILLA";"CALLE";"V";"3";"";"";"";"";"MADRID";"MADRID";"28014";"3";"CORTES";"1";"CENTRO";"440806";"4474249";"40.41676546905435";"-3.6977222605477635";"914 201 242";"";"museoico@ico.es";"/contenido/entidadesYorganismos/Museos"
6019032;"Museo Los Ca�os del Peral. Estaci�n de Metro �pera";"A diez metros bajo la plaza de Isabel II, la estaci�n de Metro �pera (L2, L5 y Ramal Norte) alberga la recreaci�n muse�stica de la hist�rica fuente de los Ca�os del Peral. La visita nos permite conocer la fuente que recog�a el agua de manantial junto al arroyo del Arenal durante la segunda mitad del sigloXVI, y que ten�a en origen 34 metros de longitud; la galer�a de abastecimiento en b�veda de ca��n y la alcantarilla de la zona; y el acueducto que, salvando al barranco del arroyo del Arenal, surti� de agua al Palacio Real desde el siglo XVII hasta pr�cticamente el siglo XX.  M�s informaci�n.";"Previa reserva en la p�gina museosmetromadrid.es.  Viernes: de 16 a 20 horas. S�bados: de 10 a 14 horas y de 16 a 20 horas. Domingos: de 10 a 14 horas.";"";"Metro: �pera (l�neas 2, 5 y Ramal).";"";"1";"http://www.madrid.es/sites/v/index.jsp?vgnextchannel=bfa48ab43d6bb410VgnVCM100000171f5a0aRCRD&vgnextoid=435950262d50f210VgnVCM2000000c205a0aRCRD";"ISABEL II";"PLAZA";"V";"1";"";"";"";"";"MADRID";"MADRID";"28013";"1";"PALACIO";"1";"CENTRO";"439834";"4474367";"40.41776291784375";"-3.70918800795985";"644 169 531";"";"info@museosmetromadrid.es";"/contenido/entidadesYorganismos/Museos"
2053;"Museo L�zaro Galdiano";"Cuenta con la  Biblioteca de la   Fundaci�n L�zaro Galdiano, fundada en 1948, cuando se cre� esta instituci�n con el legado procedente de Jos� L�zaro. Tiene cerca de 2.900 ejemplares de fondo antiguo (siglos XVI al XVIII), incluyendo 56 incunables y 877 manuscritos. Biblioteca visitable y consulta de acceso restringido.";"Martes a domingo, de 9:30 a 15 horas. Lunes cerrado y los d�as y los d�as 6 de enero; 28 y 29 de marzo; 1, 2 y 15 de mayo; 25 de julio; 15 de agosto; 24, 25 y 31 de diciembre de 2024.";"";"Metro: Gregorio Mara��n (l�neas 7 y 10), Ruben Dar�o (l�nea 5), Nu�ez de Balboa (l�neas 5 y 9)  Bus: 16, 19, 51, 9, 12, 61  Bicimad: Estaciones 140 (calle Vel�zquez, 130), 141 (paseo de la Castellana, 43)  Aparcamiento: Serrano I (62) calle Serrano entre Hermanos Becquer y Marqu�s de Villamejor";"";"1";"http://www.madrid.es/sites/v/index.jsp?vgnextchannel=bfa48ab43d6bb410VgnVCM100000171f5a0aRCRD&vgnextoid=7d1aef4d7f71c010VgnVCM1000000b205a0aRCRD";"SERRANO";"CALLE";"V";"122";"";"";"";"";"MADRID";"MADRID";"28006";"6";"CASTELLANA";"4";"SALAMANCA";"441802";"4476460";"40.43675593917329";"-3.6861820403705816";"";"";"info@museolazarogaldiano.es";"/contenido/entidadesYorganismos/MonumentosEdificiosArtisticos"
5349304;"Museo Nacional Centro de Arte Reina Sof�a (MNCARS)";"Edificio Sabatini: calle Santa Isabel 52.  Edificio Nouvel (ampliaci�n): ronda de Atocha, esquina a plaza del Emperador Carlos V.  Espacios en el parque del Retiro: Palacio de Vel�zquez y Palacio de Cristal.";"Lunes y de mi�rcoles a s�bado, de 10 a 21 horas. Martes cerrado (incluso festivos). Domingos de 10 a 14:30 horas.  D�as de cierre";"";"Metro: Estaci�n del Arte (l�nea 1)  Cercan�as Renfe: Atocha (todas las l�neas)";"";"1";"http://www.madrid.es/sites/v/index.jsp?vgnextchannel=bfa48ab43d6bb410VgnVCM100000171f5a0aRCRD&vgnextoid=69d8275bad5a1210VgnVCM2000000c205a0aRCRD";"SANTA ISABEL";"CALLE";"V";"52";"";"";"";"";"MADRID";"MADRID";"28012";"2";"EMBAJADORES";"1";"CENTRO";"441118";"4473345";"40.40864029339671";"-3.6939504103293244";"917 741 000";"";"info@museoreinasofia.es";"/contenido/entidadesYorganismos/Museos"
2099;"Museo Nacional Thyssen-Bornemisza";"El palacio donde se ubica la colecci�n fue el antiguo palacio del duque de Villahermosa. Edificaci�n neocl�sica. Posteriormente se adapta como entidad bancaria perdiento sus espacios interiores. M�s tarde, pas� a formar parte de los edificios del Museo del Prado. Desde principios de los 90 alberga la Colecci�n Thyssen. El museo ofrece un recorrido por la historia de la pintura europea desde sus inicios en el siglo XIII, hasta finales del siglo XX.";"Colecciones permanentes:  lunes de 12 a 16 horas (acceso gratuito gracias al patrocinio de MasterCard). Martes a domingo de 10 a 19 horas.   Exposiciones temporales: consultar horario espec�fico en la web del museo.  Avisos y horarios especiales:  consultar en la web del museo   El desalojo de las salas tendr� lugar 5 minutos antes del cierre.";"";"Metro: Banco de Espa�a (l�nea 2).";"Arquitecto: Antonio L�pez Aguado (1805 - 1806).  Adecuaci�n: Rafael Moneo (1989 - 1992).  Ampliaci�n: BOPBAA (1999 - 2004).";"1";"http://www.madrid.es/sites/v/index.jsp?vgnextchannel=bfa48ab43d6bb410VgnVCM100000171f5a0aRCRD&vgnextoid=0b8079262ef5d010VgnVCM1000000b205a0aRCRD";"PRADO";"PASEO";"V";"8";"";"";"";"";"MADRID";"MADRID";"28014";"3";"CORTES";"1";"CENTRO";"441058";"4474164";"40.41601631762229";"-3.694738346891257";"917 911 370";"";"cavthyssen@museothyssen.org";"/contenido/entidadesYorganismos/MonumentosEdificiosArtisticos"
2057;"Museo Nacional de Antropolog�a";"El Museo est� instalado en el edificio de estilo clasicista construido por el Marqu�s de Cubas en 1875 por encargo del Doctor Gonz�lez Velasco, fundador de la instituci�n.";"De martes a s�bado de 9:30 a 20 horas. Domingos: de 10 a 15 horas. Cerrado todos los lunes del a�o y los d�as 1 y 6 de enero, 1 de mayo, 24, 25 y 31 de diciembre y un festivo local. La taquilla se cerrar� 15 minutos antes del cierre.";"";"Metro: Estaci�n del Arte (l�nea 1).  Cercan�as Renfe:  Atocha (l�neas C1, C2, C3, C4, C4a, C4b, C5, C7, C8, C10 y Regional)";"";"1,6";"http://www.madrid.es/sites/v/index.jsp?vgnextchannel=bfa48ab43d6bb410VgnVCM100000171f5a0aRCRD&vgnextoid=456079262ef5d010VgnVCM1000000b205a0aRCRD";"ALFONSO XII";"CALLE";"V";"68";"";"";"";"";"MADRID";"MADRID";"28014";"5";"LOS JERONIMOS";"3";"RETIRO";"441550";"4473258";"40.40789416485114";"-3.688857928950199";"915 306 418 / 915 395 995";"914 677 098";"antropologico@cultura.gob.es";"/contenido/entidadesYorganismos/Museos"
2055;"Museo Nacional de Artes Decorativas";"Inaugurado en 1912, su sede es un t�pico palacete madrile�o del �ltimo tercio del siglo XIX. El museo posee muebles, cer�micas, vidrios, joyas, tejidos, arte oriental, y hasta 30 000 objetos distintos que a lo largo de la historia han servido para embellecer las casas, palacios y los monumentos de distintas culturas. El museo posee muestras como el Jarr�n de Sevres regalo de Napole�n III, la Cocina Valenciana del siglo XVIII compuesta por m�s de 1500 azulejos de Manises, la Mesa de plata del siglo XVI o la colecci�n de alfombras espa�olas de los siglos XV al XVII.";"Martes a s�bados de 9:30 a 15 horas. Domingo y festivos: de 10 a 15 horas. Jueves tarde de 17 a 20 horas (excepto  primer jueves no festivo de enero y meses julio y agosto).  Cerrado:  todos los lunes, 1 y 6 de enero, 1 y 15 de mayo, 9 de noviembre, 24, 25 y 31 de diciembre.    La venta de entradas finalizar� 30 minutos antes del cierre.";"";"Metro: Banco de Espa�a (L�nea 2)";"El Museo se encuentra inmerso en un proceso de transformaci�n integral. Nuestro principal reto es llegar a ser un museo abierto a todos y todas. Queremos ser un espacio accesible a beb�s, mam�s, pap�s, todo tipo de familias, ni�os o mayores, donde la movilidad reducida no sea un obst�culo para la visita. Pero el edificio hist�rico en el que nos ubicamos se pens� con la mentalidad del siglo XIX y no es tarea f�cil reinventarlo. Tambi�n estamos trabajando para eliminar las barreras en el acceso a la informaci�n, esperamos que pronto todas nuestras instalaciones, servicios y actividades cuenten con los dispositivos adecuados para ello. Creemos que el museo puede convertirse en un agente activo de inclusi�n social. Como todo reto, el nuestro requiere tiempo e ilusi�n. Pero, poco a poco, podremos ofreceros novedades y cambios visibles.";"2,6";"http://www.madrid.es/sites/v/index.jsp?vgnextchannel=bfa48ab43d6bb410VgnVCM100000171f5a0aRCRD&vgnextoid=287079262ef5d010VgnVCM1000000b205a0aRCRD";"MONTALBAN";"CALLE";"V";"12";"";"";"";"";"MADRID";"MADRID";"28014";"5";"LOS JERONIMOS";"3";"RETIRO";"441483";"4474369";"40.417896616053866";"-3.689754509701677";"915 326 499 / 915 326 845";"915 232 086";"mnad@cultura.gob.es";"/contenido/entidadesYorganismos/MonumentosEdificiosArtisticos"
2056;"Museo Nacional de Ciencias Naturales";"";"De martes a viernes de 10 a 17 horas. S�bados, domingos y festivos de 10 a 20 horas. Cerrado los lunes (excepto los festivos). Cerrado el 1 y 6 de enero, el 1 de mayo y el 25 de diciembre. Los d�as 24 y 31 de diciembre el museo permanecer� abierto de 10 a 15 horas. Los perros educados son bienvenidos. Ver condiciones aqu�.";"";"Metro: Gregorio Mara��n (l�neas 7, 10)";"";"1,6";"http://www.madrid.es/sites/v/index.jsp?vgnextchannel=bfa48ab43d6bb410VgnVCM100000171f5a0aRCRD&vgnextoid=8edbef4d7f71c010VgnVCM1000000b205a0aRCRD";"JOSE GUTIERREZ ABASCAL";"CALLE";"V";"2";"";"";"";"";"MADRID";"MADRID";"28006";"1";"EL VISO";"5";"CHAMARTIN";"441463";"4476870";"40.44042600324054";"-3.690212174964136";"";"";"";"/contenido/entidadesYorganismos/MonumentosEdificiosArtisticos"
2076;"Museo Naval";"";"De martes a domingo de 10 a 19 horas Durante el mes de agosto, horario reducido de 10 a 15 horas Cerrado todos los lunes y los d�as 1 y 6 de enero, 1 de mayo y 24, 25 y 31 de diciembre El desalojo del museo se har� 15 minutos antes del cierre";"";"Metro: Banco de Espa�a (l�nea 2)  Cercan�as Renfe: Recoletos (l�neas C-1, C-2, C-7, C-8 y C-10)";"Para reservas de grupos e informaci�n al visitante:  Tel�fono: 915 238 516. De lunes a viernes de 9 a 14 horas Correo electr�nico: reservas_museonaval@fn.mde.es   Para consultas de investigadores:  Correo electr�nico: investigacion_museonavalmadrid@mde.es   Para cualquier otra consulta relativa al Museo Naval:  Correo electr�nico: museonavalmadrid@fn.mde.es";"1";"http://www.madrid.es/sites/v/index.jsp?vgnextchannel=bfa48ab43d6bb410VgnVCM100000171f5a0aRCRD&vgnextoid=a30cef4d7f71c010VgnVCM1000000b205a0aRCRD";"PRADO";"PASEO";"V";"3";"";"";"";"";"MADRID";"MADRID";"28014";"5";"LOS JERONIMOS";"3";"RETIRO";"441232";"4474362";"40.417817776538435";"-3.6927096854547727";"915 238 516";"";"museonavalmadrid@fn.mde.es";"/contenido/entidadesYorganismos/Museos"
4997114;"Museo Sorolla";"";"De martes a s�bado: de 9:30 a 20 horas. Domingos y festivos: de 10 a 15 horas. Cerrado: todos los lunes del a�o, 1 y 6 de enero, 1 de mayo, 9 noviembre, 24, 25 y 31 de diciembre.";"";"Metro: Rub�n Dar�o (l�nea 5), Gregorio Mara��n (l�neas 7 y 10), Iglesia (l�nea 1)";"";"2";"http://www.madrid.es/sites/v/index.jsp?vgnextchannel=bfa48ab43d6bb410VgnVCM100000171f5a0aRCRD&vgnextoid=6dd05e93aad9c110VgnVCM1000000b205a0aRCRD";"GENERAL MARTINEZ CAMPOS";"PASEO";"V";"37";"";"";"";"";"MADRID";"MADRID";"28010";"4";"ALMAGRO";"7";"CHAMBERI";"441259";"4476298";"40.43525811195212";"-3.69257053914393";"913 101 584";"";"museo.sorolla@cultura.gob.es";"/contenido/entidadesYorganismos/Museos"
2077;"Museo Taurino de la Comunidad de Madrid";"Situado en el Patio de Caballos, ofrece a sus visitantes un atractivo recorrido por la historia del toreo, demostrando la relevancia de la Tauromaquia en la historia y la cultura de Espa�a. En este espacio se pueden contemplar grabados de Goya, vestidos, monteras y capotes de paseo de grandes toreros del siglo XX o un rinc�n dedicado a la figura de Manolete.";"Todos los d�as del a�o de 10 a 19 horas, excepto el 25 de diciembre y el 1 de enero. Horario de noviembre a marzo de 10 a 18 horas ininterrumpidamente. Los d�as que se celebren festejos de cualquier tipo en el recinto, las visitas terminar�n 2 horas antes del comienzo del espect�culo.??   Visitas en grupo: solicitar cita previa en el correo electr�nico museotaurinolasventas@madrid.org";"";"Metro: Ventas (l�neas 2 y 5)";"La entrada al Museo Taurino de la Comunidad de Madrid se encuentra situado?junto a la puerta del Patio de Caballos de la Plaza de Toros Monumental de Las Ventas, en la calle Alcal�, n�mero 237.";"3";"http://www.madrid.es/sites/v/index.jsp?vgnextchannel=bfa48ab43d6bb410VgnVCM100000171f5a0aRCRD&vgnextoid=958cef4d7f71c010VgnVCM1000000b205a0aRCRD";"ALCALA";"CALLE";"V";"237";"";"";"";"";"MADRID";"MADRID";"28028";"4";"GUINDALERA";"4";"SALAMANCA";"443775";"4475871";"40.431581087036655";"-3.6628632167710227";"912 761 287";"";"museotaurinolasventas@madrid.org";"/contenido/entidadesYorganismos/Museos"
2101;"Museo Tiflol�gico";"Edificio con una superficie de 1.500 m2 dividido en tres zonas con maquetas de monumentos nacionales e internacionales realizadas por invidentes e instrumentos utilizados por los invidentes desde hace 200 a�os. Es un espacio concebido para que sus visitantes puedan ver y tocar las piezas expuestas.";"Martes a viernes: de 10 a 15 h y de 16 a 19 horas. S�bados: de 10 a 14 horas. Lunes, domingos y festivos: cerrado.   Consultar cierres especiales en https://museo.once.es/";"";"Metro: Estrecho (l�nea 1)";"";"1,5";"http://www.madrid.es/sites/v/index.jsp?vgnextchannel=bfa48ab43d6bb410VgnVCM100000171f5a0aRCRD&vgnextoid=baacef4d7f71c010VgnVCM1000000b205a0aRCRD";"LA CORU&amp;Ntilde;A";"CALLE";"V";"18";"";"";"";"";"MADRID";"MADRID";"28020";"2";"CUATRO CAMINOS";"6";"TETUAN";"440632";"4478523";"40.45525267846033";"-3.700169379369277";"915 894 219";"";"museo@once.es";"/contenido/entidadesYorganismos/Museos"
2068;"Museo de Aeron�utica y Astron�utica";"El museo tiene por finalidad la adquisici�n, conservaci�n y exposici�n de los bienes que constituyen el Patrimonio Hist�rico de la Aeron�utica Espa�ola. Dispone de una exposici�n exterior y siete hangares que albergan aeronaves, uniformes, condecoraciones, motores, maquetas y otros fondos relacionados con la aviaci�n. Terminada la Guerra Civil y una vez creado el Ej�rcito del Aire, se concibe la idea de crear un museo que reflejara la evoluci�n e historia de nuestra aeron�utica. Desde 1975 el Museo est� en Cuatro Vientos y se han sucedido varias ampliaciones que le convierten en un referente europeo de la aeron�utica.";"De martes a domingo de 10 a 14 horas. Cerrado: 1 y 6 de enero, jueves y viernes Santos, 10 de diciembre (patrona de la aviaci�n), 24, 25 y 31 de diciembre y d�as establecidos en el calendario anual.";"Aparcamiento: gratuito, de 10 a 14 horas. Cafeter�a: de 10 a 13:30 horas. Punto de venta: de 10 a 13:30 horas.  Visitas guiadas para grupos: de martes a domingo de 10 a 14 horas. Previa petici�n de autorizaci�n por carta o correo electr�nico ( museodelaire@ea.mde.es  ). Se recomienda anticipar las peticiones por tel�fono de lunes a viernes.";"Metro : cuatro vientos (L 10)   Renfe: cuatro vientos (C 5)";"";"3";"http://www.madrid.es/sites/v/index.jsp?vgnextchannel=bfa48ab43d6bb410VgnVCM100000171f5a0aRCRD&vgnextoid=90aaef4d7f71c010VgnVCM1000000b205a0aRCRD";"A-5";"AUTOVIA";"T";"10.700";"";"";"";"Km. 10,5";"MADRID";"MADRID";"28024";"6";"CUATRO VIENTOS";"10";"LATINA";"432238";"4469498";"40.37362";"-3.80843";"915 091 690";"";"museodelaire@ea.mde.es";"/contenido/entidadesYorganismos/Museos"
2091;"Museo de Am�rica";"";"De martes a s�bado, de 9:30 a 15 horas. Jueves, apertura continuada de 9:30 a 19 horas. Domingos y festivos de 10 a 15 horas.   Cerrado todos los lunes del a�o, 1 de enero, 1 de mayo, 24, 25 y 31 de diciembre, 6 de enero y un festivo local.";"";"Metro: Moncloa (l�neas 3 y 6), Islas Filipinas (l�nea 7).  Autob�s: 1, 62, 44, 82, 132, 138.";"";"1,6";"http://www.madrid.es/sites/v/index.jsp?vgnextchannel=bfa48ab43d6bb410VgnVCM100000171f5a0aRCRD&vgnextoid=c929ef4d7f71c010VgnVCM1000000b205a0aRCRD";"REYES CATOLICOS";"AVENIDA";"V";"6";"";"";"";"";"MADRID";"MADRID";"28040";"3";"CIUDAD UNIVERSITARIA";"9";"MONCLOA-ARAVACA";"438777";"4476615";"40.43793725485899";"-3.7218544182655786";"915 492 641 / 915 439 437";"";"museo.america@cultura.gob.es";"/contenido/entidadesYorganismos/Museos"
83922;"Museo de Arte Contempor�neo de Madrid";"Al igual que otros museos de arte contempor�neo, nacionales o extranjeros, se ha utilizado un edificio hist�rico para albergar las colecciones: el Cuartel del Conde Duque. El Museo de Arte Contempor�neo recupera para los madrile�os el despacho del escritor vanguardista Ram�n G�mez de la Serna, como parte de su colecci�n permanente.";"De martes a viernes: de 10 a 14 horas y de 15 a 21 horas. S�bados: de 10 a 14 horas y de 17:30 a 21 horas. Domingos y festivos: de 10:30 a 14:30 horas.  Horario durante la semana de San Isidro (12 a 16 de mayo, 2025) y de verano (del 15 de junio al 15 de septiembre, ambos inclusive):  De martes a viernes: de 10 a 14 horas y de 15 a 20 horas. S�bados: de 10 a 14 horas y de 17:30 a 20 horas. Domingos y festivos: de 10:30 a 13:30 horas. *15 de mayo, festivo.  Cerrado: todos lunes y los d�as 1 y 6 de enero, 1 de mayo y 24, 25 y 31 de diciembre. Las salas se desalojan 15 minutos antes del cierre.";"Zona wifi.";"Metro: Ventura Rodr�guez, Plaza de Espa�a, San Bernardo, Noviciado.";"";"1,6";"http://www.madrid.es/sites/v/index.jsp?vgnextchannel=bfa48ab43d6bb410VgnVCM100000171f5a0aRCRD&vgnextoid=84a55c2cdc41c010VgnVCM2000000c205a0aRCRD";"CONDE DUQUE";"CALLE";"V";"9";"";"";"";"";"MADRID";"MADRID";"28015";"5";"UNIVERSIDAD";"1";"CENTRO";"439723";"4475438";"40.42739911262292";"-3.710589286287491";"Tel�fono de sala: 914 801 766";"";"mmacmdifusion@madrid.es";"/contenido/entidadesYorganismos/Museos"
2092;"Museo de Astronom�a y Geodesia";"El museo de Astronom�a y Geodesia de la Universidad Complutense de Madrid agrupa una importante colecci�n de instrumentos de Astronom�a, Geodesia y Topograf�a, reunidos con el af�n did�ctico de dar a conocer la evoluci�n de los m�todos utilizados en estas disciplinas durante los �ltimos 150 a�os.";"Visita con cita previa.";"";"Metro: Ciudad Universitaria (l�nea 6).";"";"3";"http://www.madrid.es/sites/v/index.jsp?vgnextchannel=bfa48ab43d6bb410VgnVCM100000171f5a0aRCRD&vgnextoid=ee49ef4d7f71c010VgnVCM1000000b205a0aRCRD";"CIENCIAS";"PLAZA";"V";"3";"";"";"";"";"MADRID";"MADRID";"28040";"3";"CIUDAD UNIVERSITARIA";"9";"MONCLOA-ARAVACA";"438442";"4477897";"40.44945850908754";"-3.7259383636708434";"91 394 4588";"";"fuensant@ucm.es.";"/contenido/entidadesYorganismos/Museos"
5727435;"Museo de Bomberos de Madrid";"";"Horario ordinario: Lunes, mi�rcoles, jueves y viernes laborables a las 12:00 horas";"El acceso se realizar� mediante RESERVA en el que aparecer�n las sesiones y plazas disponibles.    Unicamente se permiten las visitas guiadas    El personal del museo mostrar� al visitante la exposici�n permanente, que cuenta con una interesante colecci�n de veh�culos y otros materiales que han formado parte de la Historia del Cuerpo de Bomberos de Madrid.      Actividades del Grupo Pedag�gico con visitas de colegios    Se realizan visitas guiadas a colegios, demostraciones pr�cticas?y charlas de prevenci�n    Sala polivalente     Puede ser utilizada para la organizaci�n de charlas, encuentros y otras actividades culturales.";"Metro: L1- Buenos Aires  Bus: 141 y 143";"";"1";"http://www.madrid.es/sites/v/index.jsp?vgnextchannel=bfa48ab43d6bb410VgnVCM100000171f5a0aRCRD&vgnextoid=9f0966a8bba49210VgnVCM2000000c205a0aRCRD";"BOADA";"CALLE";"V";"4";"";"";"";"";"MADRID";"MADRID";"28038";"6";"NUMANCIA";"13";"PUENTE DE VALLECAS";"444504";"4471753";"40.39453171263195";"-3.6539313207612207";"Actualmente no disponible.";"";"museobomberosmadrid@madrid.es";"/contenido/entidadesYorganismos/Museos"
2090;"Museo de Calcograf�a Nacional";"La instituci�n posee la m�s importante colecci�n de l�minas de grabado calcogr�fico de Espa�a. El n�mero de matrices met�licas supera las ocho mil obras, abarcando un amplio periodo cronol�gico, desde el siglo XVI al XXI.";"Consultar en la web.";"";"Metro: Sol (l�neas 1, 2, 3), Sevilla (l�nea 2), Gran V�a (l�neas 1 y 5).";"";"3";"http://www.madrid.es/sites/v/index.jsp?vgnextchannel=bfa48ab43d6bb410VgnVCM100000171f5a0aRCRD&vgnextoid=7169ef4d7f71c010VgnVCM1000000b205a0aRCRD";"ALCALA";"CALLE";"V";"13";"";"";"";"";"MADRID";"MADRID";"28014";"6";"SOL";"1";"CENTRO";"440558";"4474350";"40.4176555144213";"-3.7006500629589394";"915 240 864";"915 241 034";"";"/contenido/entidadesYorganismos/Museos"
2084;"Museo de Cera";"";"Horario de invierno: Lunes a domingo, de 11 a 19 horas. Horario de verano: Lunes a domingo, de 11 a 20 horas.";"";"Metro: Col�n (l�nea 4)";"";"2";"http://www.madrid.es/sites/v/index.jsp?vgnextchannel=bfa48ab43d6bb410VgnVCM100000171f5a0aRCRD&vgnextoid=9689ef4d7f71c010VgnVCM1000000b205a0aRCRD";"RECOLETOS";"PASEO";"V";"41";"";"";"";"";"MADRID";"MADRID";"28004";"4";"JUSTICIA";"1";"CENTRO";"441350";"4475102";"40.42448764583997";"-3.6913807191328303";"913 199 330";"";"info@museoceramadrid.com; reservas@museoceramadrid.com";"/contenido/entidadesYorganismos/Museos"
2071;"Museo de Escultura al Aire Libre de la Castellana";"El Museo de Escultura al Aire Libre de La Castellana, est� situado bajo el paso elevado que une las calles de Juan Bravo y Eduardo Dato, contiene una excelente colecci�n de escultura abstracta espa�ola.";"Entrada libre. Espacio urbano abierto Abierto 24 horas al d�a los 365 d�as del a�o.";"";"Transporte p�blico m�s pr�ximo   Metro: Rub�n Dar�o (l�nea 5)  Bus: 5, 14, 27, 45, 150  BICIMAD: Estaci�n 142 (Paseo de la Castellana n&amp;ordm;42)";"";"1";"http://www.madrid.es/sites/v/index.jsp?vgnextchannel=bfa48ab43d6bb410VgnVCM100000171f5a0aRCRD&vgnextoid=eca9ef4d7f71c010VgnVCM1000000b205a0aRCRD";"CASTELLANA";"PASEO";"V";"40";"";"";"";"";"MADRID";"MADRID";"28046";"6";"CASTELLANA";"4";"SALAMANCA";"441678";"4476070";"40.433219398671156";"-3.6876122680805956";"915 885 921";"";"mmacmdifusion@madrid.es";"/contenido/entidadesYorganismos/MonumentosEdificiosArtisticos"
2054;"Museo de Historia de Madrid";"Fue creado como museo municipal en 1929 y rebautizado como Museo de Historia de Madrid en 2007. En el a�o 2014 se hace una profunda remodelaci�n y reabre sus puertas con un montaje moderno y una puesta al d�a de sus colecciones.";"De martes a domingos de 10 a 20 horas.  Verano (Del 15 de junio al 15 de septiembre): de martes a domingos de 10 a 19 horas.  Cerrado: lunes y los d�as 1 y 6 de enero, 1 de mayo,  24, 25 y 31 de diciembre.   El desalojo de las salas se har� diez minutos antes del cierre.";"Biblioteca de investigaci�n Servicio de documentaci�n Guardarropa Zona wifi  Tienda del museo. Contacto: tienda.museohistoria@palaciosymuseos.com Las reservas se realizar�n a trav�s de esta  plataforma";"Metro: Tribunal, Bilbao y Alonso Mart�nez.  Aparcamiento p�blico: Barcel�.";"Accesibilidad f�sica:   Rampa de acceso a la entrada. Ascensores. Aseos adaptados. Silla de ruedas.   Accesibilidad cognitiva:    Gu�a visual Museo de Historia de Madrid   Gu�a en lenguaje claro Museo de Historia de Madrid";"1,6";"http://www.madrid.es/sites/v/index.jsp?vgnextchannel=bfa48ab43d6bb410VgnVCM100000171f5a0aRCRD&vgnextoid=8f3079262ef5d010VgnVCM1000000b205a0aRCRD";"FUENCARRAL";"CALLE";"V";"78";"";"";"";"";"MADRID";"MADRID";"28004";"4";"JUSTICIA";"1";"CENTRO";"440550";"4475251";"40.42577054821346";"-3.700845660719608";"917 011 863";"";"smuseosm@madrid.es";"/contenido/entidadesYorganismos/MonumentosEdificiosArtisticos"
4545827;"Museo de Historia de la Comunidad Jud�a de Madrid";"";"";"Visitas: info@cjmadrid.org";"Metro: Iglesia (l�nea 1)";"";"1";"http://www.madrid.es/sites/v/index.jsp?vgnextchannel=bfa48ab43d6bb410VgnVCM100000171f5a0aRCRD&vgnextoid=8f2a4a659ee71110VgnVCM1000000b205a0aRCRD";"BALMES";"CALLE";"V";"3";"";"";"";"";"MADRID";"MADRID";"28010";"3";"TRAFALGAR";"7";"CHAMBERI";"440627";"4476323";"40.43543567370733";"-3.7000203622984";"915 913 131";"";"info@cjmadrid.org";"/contenido/entidadesYorganismos/Museos"
2095;"Museo de Mineralog�a";"";"De lunes a viernes, de 10:30 a 14:30 horas (concertar previamente).";"";"Cercan�as Renfe: Cantoblanco (l�neas C4, C4a y C4b)";"";"1";"http://www.madrid.es/sites/v/index.jsp?vgnextchannel=bfa48ab43d6bb410VgnVCM100000171f5a0aRCRD&vgnextoid=255aef4d7f71c010VgnVCM1000000b205a0aRCRD";"FRANCISCO TOMAS Y VALIENTE";"CALLE";"V";"7";"";"";"";"";"MADRID";"MADRID";"28049";"8";"EL GOLOSO";"8";"FUENCARRAL-EL PARDO";"441133";"4488524";"40.54537941407227";"-3.6951833197962536";"914 975 407 / 914 972 564 / 914 974 800";"914 974 900";"museo.mineralogia@uam.es";"/contenido/entidadesYorganismos/Museos"
2112;"Museo de San Isidro. Los Or�genes de Madrid";"Este espacio museogr�fico propone un viaje por la historia de la ciudad de Madrid desde la Prehistoria hasta el establecimiento de la Corte, a trav�s de distintas salas como la de San Isidro, el Patio renacentista, el Jard�n arqueobot�nico o el Almac�n visitable.";"De martes a domingo y festivos de 10 a 20 horas.  �ltimo pase de visita 15 minutos antes del cierre.    Verano, del 15 de junio al 15 de septiembre: de martes a domingo de 10 a 19 horas.  Cerrado todos los lunes, el 1 y 6 de enero, el 1 de mayo y los d�as 24, 25 y 31 de diciembre.";"Sala de investigadores Biblioteca especializada en arqueolog�a e historia madrile�a Archivo documental Almac�n visitable con m�s de 600 piezas arqueol�gicas (por cuestiones t�cnicas el almac�n visitable puede estar cerrado durante su visita, en tal caso pregunte en el mostrador de entrada para que le faciliten el acceso) Jard�n arqueobot�nico, con informaci�n documentada sobre las especies de la ciudad Investigadores: los fondos del Museo est�n a disposici�n de la comunidad cient�fica y los investigadores podr�n acceder tramitando su correspondiente solicitud Visitas guiadas por voluntarios culturales de CEATE Talleres did�cticos para grupos escolares Zona wifi";"Metro:  La Latina (l�nea 5) , Tirso de Molina (l�nea 1)";"";"2,6";"http://www.madrid.es/sites/v/index.jsp?vgnextchannel=bfa48ab43d6bb410VgnVCM100000171f5a0aRCRD&vgnextoid=7b7aef4d7f71c010VgnVCM1000000b205a0aRCRD";"SAN ANDRES";"PLAZA";"V";"2";"";"";"";"";"MADRID";"MADRID";"28005";"1";"PALACIO";"1";"CENTRO";"439691";"4473738";"40.41207900253883";"-3.7108161027466378";"913 667 415";"";"museosanisidro@madrid.es";"/contenido/entidadesYorganismos/Museos"
85301;"Museo de Sanidad e Higiene P�blica";"El Museo de Sanidad e Higiene P�blica se comenz� a desarrollar en el a�o 1995 y es un centro �nico en su especialidad en Espa�a. Est� ubicado en el Pabell�n 14 del campus de Chamart�n en el Instituto de Salud Carlos III, que albergaba los laboratorios del Hospital Nacional de Enfermedades Infecciosas, conocido como Hospital del Rey. El objetivo es gestionar para su difusi�n y conservaci�n las colecciones de objetos, libros y documentos que reflejan los aspectos m�s significativos de la historia y evoluci�n de la salud p�blica en nuestro pa�s. De ese modo se busca la promoci�n de la investigaci�n en este campo facilitando a los investigadores, profesores y t�cnicos que lo necesiten, apoyo t�cnico especializado.";"Visitas guiadas de grupo de lunes a jueves con cita previa. Consultar en web";"";"Metro: Chamart�n (l�neas 1, 10)  Cercan�as Renfe: Chamart�n (l�neas C1, C2, C3, C3a, C4, C4a, C4b, C7, C8 y C10)";"";"3";"http://www.madrid.es/sites/v/index.jsp?vgnextchannel=bfa48ab43d6bb410VgnVCM100000171f5a0aRCRD&vgnextoid=3e755c2cdc41c010VgnVCM2000000c205a0aRCRD";"MONFORTE DE LEMOS";"AVENIDA";"V";"5";"";"";"";"";"MADRID";"MADRID";"28029";"5";"LA PAZ";"8";"FUENCARRAL-EL PARDO";"441508";"4480761";"40.475476558696364";"-3.6900419862500202";"918 222 414";"";"museodesanidad@isciii.es";"/contenido/entidadesYorganismos/Museos"
4566286;"Museo de la Catedral de la Almudena";"";"De lunes a s�bado de 10 a 14:30 horas.   Cerrado los domingos, fiestas de precepto y d�as de actos de culto especiales en la Catedral. Consultar  Agenda .";"";"Metro: �pera (L�neas 2, 5 y Ramal �pera Pr�ncipe P�o).";"Para solicitar reserva de visita guiada, escriba a reservasmuseo@catedraldelaalmudena.es.";"1";"http://www.madrid.es/sites/v/index.jsp?vgnextchannel=bfa48ab43d6bb410VgnVCM100000171f5a0aRCRD&vgnextoid=82cb8d0e78d22110VgnVCM1000000b205a0aRCRD";"BAILEN";"CALLE";"V";"10";"";"";"";"";"MADRID";"MADRID";"28013";"1";"PALACIO";"1";"CENTRO";"439452";"4474125";"40.4155496711662";"-3.7136674233151394";"915 592 874";"";"reservasmuseo@catedraldelaalmudena.es";"/contenido/entidadesYorganismos/Museos"
2073;"Museo de la Farmacia Hispana";"";"El Museo de la Farmacia Hispana solo puede visitarse realizando una reserva con antelaci�n.La visita es gratuita, guiada y tiene una duraci�n aproximada de 1 hora y media. Se realizan durante el curso lectivo, de lunes a viernes y en horario de ma�ana.  Este a�o vamos a empezar con las visitas guiadas en horario de tarde. Ser�n los martes y mi�rcoles lectivos de octubre a mayo. La visita completa empezar� a las 16:00 y durar� 1 hora y media. Habr� tambi�n opci�n de visita abreviada de 17:00 a 18:00.   Las visitas de tarde podr�n reservarse solo con un mes de antelaci�n.";"";"Consulte los enlaces siguientes";"";"2";"http://www.madrid.es/sites/v/index.jsp?vgnextchannel=bfa48ab43d6bb410VgnVCM100000171f5a0aRCRD&vgnextoid=58f9ef4d7f71c010VgnVCM1000000b205a0aRCRD";"RAMON Y CAJAL";"PLAZA";"V";"0";"";"";"";"";"MADRID";"MADRID";"28040";"3";"CIUDAD UNIVERSITARIA";"9";"MONCLOA-ARAVACA";"438415";"4477348";"40.44451127873064";"-3.7262019812409104";"913 941 797";"";"museofar@ucm.es";"/contenido/entidadesYorganismos/Museos"
2107;"Museo de la Guardia Civil";"El Museo de la Guardia Civil es una instituci�n sin �nimo de lucro, permanente y al servicio de la sociedad, que investiga, colecciona, conserva, interpreta y exhibe el patrimonio material e inmaterial' relacionado con la Guardia Civil.   Est� en desarrollo un nuevo proyecto de Museo de la Guardia Civil, con nuevas instalaciones y una museograf�a m�s moderna, completa y atractiva. Con ello, el nuevo espacio muse�stico del Cuerpo se configurar� como una poderosa herramienta divulgativa de la historia de la Guardia Civil y sus valores corporativos, ayudando a difundir entre el p�blico una siempre necesaria cultura de la seguridad ciudadana.   Hasta la apertura del nuevo museo, no ser� posible realizar visitas presenciales, pudiendo realizar una visita virtual a trav�s del espacio digital de Google Arts &amp;amp; Culture";"";"";"Metro: Guzm�n el Bueno (l�neas 6 y 7).";"";"3";"http://www.madrid.es/sites/v/index.jsp?vgnextchannel=bfa48ab43d6bb410VgnVCM100000171f5a0aRCRD&vgnextoid=003aef4d7f71c010VgnVCM1000000b205a0aRCRD";"GUZMAN EL BUENO";"CALLE";"V";"110";"";"";"";"";"MADRID";"MADRID";"28003";"6";"VALLEHERMOSO";"7";"CHAMBERI";"439594";"4477325";"40.44438828230001";"-3.7122910771593154";"915 146 000, extensiones 48495 (Oficina Museo), 48477 (Salas Museo)";"";"dg-estuhistoricos-registro@guardiacivil.org";"/contenido/entidadesYorganismos/Museos"
2114;"Museo de la Real Academia de Bellas Artes de San Fernando";"Construido inicialmente para palacio de Don Juan de Goyeneche, el edificio fue adquirido por la Academia de Bellas Artes en 1773 y reformado bajo la direcci�n de Fernando Chueca Goitia en 1973 y la fachada por Diego de Villanueva en 1774.";"Colecci�n permanente: De martes a domingos, de 10 a 15 horas, incluyendo festivos Exposiciones temporales: consultar el apartado espec�fico de la exposici�n temporal. D�as cerrados: 1 y 6 de enero; 1 y 30 de mayo; 9 de noviembre; 24, 25 y 31 de diciembre. Las oficinas de la Real Academia de Bellas Artes abren de lunes a viernes, de 08.30 a 17.00 horas. Cerrada fines de semana y d�as festivos.";"";"Metro: Sol (l�neas 1, 2, 3), Sevilla (l�nea 2), Gran V�a (l�neas 1 y 5).";"";"1";"http://www.madrid.es/sites/v/index.jsp?vgnextchannel=bfa48ab43d6bb410VgnVCM100000171f5a0aRCRD&vgnextoid=924aef4d7f71c010VgnVCM1000000b205a0aRCRD";"ALCALA";"CALLE";"V";"13";"";"";"";"";"MADRID";"MADRID";"28014";"6";"SOL";"1";"CENTRO";"440558";"4474350";"40.4176555144213";"-3.7006500629589394";"915 240 864";"915 241 034";"registro.museo@rabasf.com";"/contenido/entidadesYorganismos/MonumentosEdificiosArtisticos"
2066;"Museo del Ferrocarril de Madrid";"Edificio de car�cter monumental. Proyectada por el ingeniero franc�s �mile Cacheli�vre e inaugurada el 30 de marzo de 1880, la estaci�n de Delicias fue la primera gran estaci�n con car�cter definitivo de Madrid.";"De octubre a mayo:   Lunes a viernes, de 9:30 a 15 horas. S�bados y festivos, de 10 a 19 horas. Domingo, de 10 a 15 horas.   De junio a septiembre:   Lunes a domingo, de 10 a 15 horas.   Cerrado: 25 de diciembre, 1 y 6 de enero.";"Mercado de Motores : segundo fin de semana del mes (excepto julio y agosto), de 11 a 21 horas. El Museo cierra en su actividad ordinaria y el acceso es gratuito (www.mercadodemotores.es).";"Metro: Delicias (l�nea 3)  Cercan�as Renfe: Delicias (l�neas C1, C7, C10 y Regional)";"";"1";"http://www.madrid.es/sites/v/index.jsp?vgnextchannel=bfa48ab43d6bb410VgnVCM100000171f5a0aRCRD&vgnextoid=091c4291ae91f010VgnVCM2000000c205a0aRCRD";"DELICIAS";"PASEO";"V";"61";"";"";"";"";"MADRID";"MADRID";"28045";"5";"DELICIAS";"2";"ARGANZUELA";"441124";"4472418";"40.40029003332906";"-3.6938050319544646";"915 390 085";"";"taquillamuseo@ffe.es";"/contenido/entidadesYorganismos/MonumentosEdificiosArtisticos"
2058;"Museo del Prado";"El Museo Nacional del Prado, desde que fue inaugurado en 1819 y a lo largo de su historia centenaria, ha cumplido con la alta misi�n de conservar, exponer y enriquecer el conjunto de las colecciones y obras de arte que, estrechamente vinculadas a la historia de Espa�a, constituyen una de las m�s elevadas manifestaciones de expresi�n art�stica de reconocido valor universal. La Biblioteca del Museo Nacional del Prado se encuentra situada en el Cas�n del Buen Retiro, actual sede del Centro de Estudios del Museo del Prado. Est� especializada en artes pl�sticas europeas entre la Edad Media y el siglo XIX. Conserva un destacado patrimonio bibliogr�fico, de impresos y manuscritos anteriores a 1910, de notable importancia por su cantidad (unos 7.000 vol�menes), por su car�cter especializado (tratados de pintura y arquitectura, libros de fiestas, cartillas de dibujo y libros de iconograf�a, emblemas, anatom�a y fisiognom�a) y por la rareza de algunos de sus ejemplares.";"De lunes a s�bado, de 10 a 20 horas. Domingos y festivos, de 10 a 19 horas. Cerrado los d�as 1 de enero, 1 de mayo y 25 de diciembre. Horario reducido, de 10 a 14 horas (6 de enero y 24 y 31 de diciembre).  Horario de gratuidad:  De lunes a s�bado, de 18 a 20 horas. Domingos y festivos, de 17 a 19 horas.  Acceso al Museo hasta 30 minutos antes del cierre.";"";"Metro: Estaci�n del Arte (l�nea 1), Banco de Espa�a (l�nea 2).  Cercan�as Renfe:  Atocha (l�neas C1, C2, C3, C4, C5, C7 y C10).";"";"1,4,6";"http://www.madrid.es/sites/v/index.jsp?vgnextchannel=bfa48ab43d6bb410VgnVCM100000171f5a0aRCRD&vgnextoid=060079262ef5d010VgnVCM1000000b205a0aRCRD";"PRADO";"PASEO";"V";"0";"";"";"";"";"MADRID";"MADRID";"28014";"5";"LOS JERONIMOS";"3";"RETIRO";"441243";"4474443";"40.41854475379762";"-3.6925831204366806";"910 683 001";"";"cav@museodelprado.es";"/contenido/entidadesYorganismos/BibliotecasPatrimoniales"
2086;"Museo del Reloj Grassy";"Arquitecto: Eladio Laredo Carranza (1916 - 1917).";"Visitas guiadas:   Mi�rcoles 12 horas. Jueves 17:30 horas.";"";"Metro: Banco de Espa�a (l�nea 2), Sevilla (l�nea 2), Gran V�a (L�neas 1 y 5).";"";"3";"http://www.madrid.es/sites/v/index.jsp?vgnextchannel=bfa48ab43d6bb410VgnVCM100000171f5a0aRCRD&vgnextoid=daeaef4d7f71c010VgnVCM1000000b205a0aRCRD";"GRAN VIA";"CALLE";"V";"1";"";"";"";"";"MADRID";"MADRID";"28013";"3";"CORTES";"1";"CENTRO";"440779";"4474514";"40.41914742345852";"-3.698056640392267";"915 321 007";"";"info@grassy.es";"/contenido/entidadesYorganismos/Museos"
2059;"Museo del Romanticismo";"";"Horario de invierno (de noviembre a abril): De martes a s�bado: de 9:30 a 18:30. Domingos y festivos: de 10 a 15 horas.  Horario de verano (de mayo a octubre): De martes a s�bado: de 9:30 a 20:30. Domingos y festivos: de 10 a 15 horas.  Cerrado: Todos los lunes, 1 y 6 enero, 1 mayo, 9 noviembre, 24, 25 y 31 diciembre.";"";"Metro: Tribunal (l�neas 1 y 10), Alonso Mart�nez (l�neas 4, 5 y 10).";"Descripci�n monumental  Construido para casa palacio del Marqu�s de Matallana por el arquitecto Manuel Rodr�guez, dentro de unas l�neas clasicistas, tiene algunas leves reminiscencias del barroco, como las molduras en forma de orejeras en los balcones. Las estancias nobles se organizan en torno a dos patios cuadrados. Conserva un interesante jard�n rom�ntico. A finales del siglo XVIII el inmueble pas� a estar habitado por los Condes de la Puebla del Maestre y despu�s, desde junio de 1921, fue sede de la Comisar�a Regia de Turismo, organismo creado por el II Marqu�s de la Vega-Incl�n. En 1924 se convirti� en Museo Rom�ntico y desde entonces ha sido restaurado e intervenido en diversas ocasiones con motivo de su funcionamiento como museo.  Desde 2001 a 2009 el Museo fue reformado y puesto a punto, en aplicaci�n de un plan museol�gico consistente en su renovaci�n, ampliando su �mbito tem�tico desde lo meramente literario hasta lo hist�rico, pol�tico, art�stico y decorativo, para dar una visi�n de conjunto de esta etapa de la vida espa�ola. Muestra la ambientaci�n de una casa rom�ntica. Posee obras de los pintores m�s importantes del siglo XIX (Goya, Madrazo y otros) junto a esculturas, muebles, porcelanas, abanicos y todo tipo de complementos decorativos que nos recuerdan la forma de vida de una familia burguesa del siglo XIX.";"1,6";"http://www.madrid.es/sites/v/index.jsp?vgnextchannel=bfa48ab43d6bb410VgnVCM100000171f5a0aRCRD&vgnextoid=706cef4d7f71c010VgnVCM1000000b205a0aRCRD";"SAN MATEO";"CALLE";"V";"13";"";"";"";"";"MADRID";"MADRID";"28004";"4";"JUSTICIA";"1";"CENTRO";"440725";"4475259";"40.42586197424505";"-3.6987680583559555";"914 481 045 / 914 480 163";"914 456 940";"informacion.romanticismo@cultura.gob.es";"/contenido/entidadesYorganismos/Museos"
6337393;"Museo del Seguro. Fundaci�n Mapfre";"";"De lunes a viernes de 9 a 17 horas. Cerrado festivos y mes de agosto.  Visitas en grupo previa reserva en su p�gina web .";"";"Metro: Col�n (l�nea 4) y Banco de Espa�a (l�nea 2)  Cercan�as Renfe: Recoletos (L�neas C1, C2, C7, C10 y Regional).";"";"3";"http://www.madrid.es/sites/v/index.jsp?vgnextchannel=bfa48ab43d6bb410VgnVCM100000171f5a0aRCRD&vgnextoid=479b95f8c72d5310VgnVCM2000000c205a0aRCRD";"BARBARA DE BRAGANZA";"CALLE";"V";"14";"";"";"";"";"MADRID";"MADRID";"28004";"4";"JUSTICIA";"1";"CENTRO";"441273";"4474967";"40.423266511964854";"-3.692277196470883";"";"";"";"/contenido/entidadesYorganismos/Museos"
2115;"Museo del Traje. Centro de Investigaci�n del Patrimonio Etnol�gico (CIPE)";"Edificio de car�cter monumental, construido por Jaime L�pez de Asia�n en 1969.";"Exposici�n permanente y temporal   Martes a s�bado, de 9:30 a 19:00 horas. Domingos y festivos, de 10 a 15:00 horas.  La taquilla finaliza su actividad de venta de entradas 15 minutos antes de la hora del cierre de la exposici�n.  Noches de verano - Verano en el Museo   Los jueves de julio y agosto, apertura extraordinaria: 19:00 - 22:30 horas.  Cerrado: Todos los lunes, 1 y 6 enero, 1 mayo, 9 noviembre, 24, 25 y 31 diciembre.";"";"Metro: Ciudad Universitaria (l�nea 6)";"";"1,4,6";"http://www.madrid.es/sites/v/index.jsp?vgnextchannel=bfa48ab43d6bb410VgnVCM100000171f5a0aRCRD&vgnextoid=053c4291ae91f010VgnVCM2000000c205a0aRCRD";"JUAN DE HERRERA";"AVENIDA";"V";"2";"";"";"";"";"MADRID";"MADRID";"28040";"3";"CIUDAD UNIVERSITARIA";"9";"MONCLOA-ARAVACA";"438273";"4476811";"40.439664788611644";"-3.727822373257623";"915 504 700";"";"";"/contenido/entidadesYorganismos/Museos"
2061;"Palacio Real de El Pardo";"El Palacio Real de El Pardo es la Residencia Oficial de Jefes de Estado Extranjeros desde 1983 y sus or�genes como cazadero real est�n vinculados al Monte de El Pardo. Es un edificio vinculado estrechamente a la historia de Espa�a. Mandado construir por el Emperador Carlos V en el siglo XVI y que en el siglo XVIII fue ampliado por mandato de Carlos III. Hay que destacar su entorno, ya que est� rodeado por el Monte de El Pardo, espacio natural de extraordinario valor, considerado como el bosque mediterr�neo m�s importante de la Comunidad de Madrid.";"Martes a domingo, de 10 a 18 horas Acceso gratuito: mi�rcoles y domingo, de 15 a 18 horas (�ltimo acceso a las 17 horas)";"";"Consulta los siguientes enlaces.";"";"1";"http://www.madrid.es/sites/v/index.jsp?vgnextchannel=bfa48ab43d6bb410VgnVCM100000171f5a0aRCRD&vgnextoid=9f9def4d7f71c010VgnVCM1000000b205a0aRCRD";"MANUEL ALONSO";"CALLE";"V";"8";"";"";"";"";"MADRID";"MADRID";"28048";"1";"EL PARDO";"8";"FUENCARRAL-EL PARDO";"434247";"4485823";"40.520535786694516";"-3.7762260009975077";"";"";"info@patrimonionacional.es";"/contenido/entidadesYorganismos/MonumentosEdificiosArtisticos"
2062;"Palacio Real de Madrid";"El Palacio Real de Madrid es uno de los m�s hermosos y mejor conservados de Europa. Sus m�s de 135.000 metros cuadrados han sido testigos de siglos de la historia de Espa�a.   Es una de las pocas residencias oficiales de Jefes de Estado que est� abierta al p�blico. Cerca de 1,5 millones de visitantes vienen cada a�o a descubrir sus rincones, sus obras de arte y sus tesoros �nicos en el mundo.   Espacios.   Relevos de la Guardia Real.";"De lunes a s�bado, de 10 a 18 horas (acceso hasta las 17 horas) Domingos, de 10 a 16 horas (acceso hasta las 15 horas) Acceso gratuito al palacio: de lunes a jueves, de 16 a 18 horas (�ltimo acceso a las 17 horas)  Jardines del Campo del Moro: todos los d�as, de 10 a 18 horas";"";"Metro: �pera (l�neas 2 y 5)  Cercan�as Renfe: Pr�ncipe P�o (l�neas C7 y C10)";"";"1";"http://www.madrid.es/sites/v/index.jsp?vgnextchannel=bfa48ab43d6bb410VgnVCM100000171f5a0aRCRD&vgnextoid=47ddef4d7f71c010VgnVCM1000000b205a0aRCRD";"ORIENTE";"PLAZA";"V";"0";"";"";"";"";"MADRID";"MADRID";"28013";"1";"PALACIO";"1";"CENTRO";"439627";"4474355";"40.4176388210189";"-3.7116287580867042";"";"";"";"/contenido/entidadesYorganismos/MonumentosEdificiosArtisticos"
2079;"Pante�n de Espa�a";"El Pante�n de Espa�a (antes llamado Pante�n de hombres ilustres) tiene como objetivo mantener el recuerdo y proyecci�n de los representantes de la historia de la democracia espa�ola y de aquellas personas que hayan destacado por su labor en defensa de la convivencia democr�tica, la paz y los derechos humanos, as� como el progreso de la ciencia o la cultura.  Se pueden visitar los mausoleos de pol�ticos y militares como Sagasta, C�novas del Castillo, Dato, R�os Rosas, Canalejas o Guti�rrez de la Concha.";"De martes a s�bado, de 10 a 14 y de 16 a 18:30 horas. Acceso por la ma�ana hasta las 13:30 horas y por la tarde hasta las 18:00 horas  Domingos y festivos, de 10 a 15 horas, acceso hasta las 14:30 horas  Cierre semanal: lunes durante todo el a�o";"";"Metro: Estaci�n del Arte (Atocha) (l�nea 1)  Cercan�as Renfe: Puerta de Atocha-Almudena Grandes (todas)";"";"1";"http://www.madrid.es/sites/v/index.jsp?vgnextchannel=bfa48ab43d6bb410VgnVCM100000171f5a0aRCRD&vgnextoid=361cef4d7f71c010VgnVCM1000000b205a0aRCRD";"JULIAN GAYARRE";"CALLE";"V";"3";"";"";"";"";"MADRID";"MADRID";"28014";"1";"PACIFICO";"3";"RETIRO";"442012";"4473070";"40.40623069629338";"-3.683398479420631";"";"";"";"/contenido/entidadesYorganismos/MonumentosEdificiosArtisticos"
3362;"Parroquia Santa Cruz";"";"";"";"Metro: Sol (l�neas 1, 2 y 3), Tirso de Molina (l�nea 1).  Cercan�as Renfe: Sol (l�neas C3, C4, C4a y C4b).";"";"3";"http://www.madrid.es/sites/v/index.jsp?vgnextchannel=bfa48ab43d6bb410VgnVCM100000171f5a0aRCRD&vgnextoid=40e0b069a541f010VgnVCM1000000b205a0aRCRD";"ATOCHA";"CALLE";"V";"6";"";"";"";"";"MADRID";"MADRID";"28012";"6";"SOL";"1";"CENTRO";"440165";"4474015";"40.414614986413675";"-3.7052543046190265";"913 691 239";"";"santacruz@archimadrid.es";"/contenido/entidadesYorganismos/MonumentosEdificiosArtisticos"
2213;"Planetario de Madrid";"Inaugurado el 29 de septiembre de 1986, es un centro dependiente del �rea de Cultura, Turismo y Deporte del Ayuntamiento de Madrid. Durante los a�os 2016/2017 fue sometido a una profunda renovaci�n tanto tecnol�gica como de las instalaciones y edificio, posible en virtud de un acuerdo de colaboraci�n entre el Ayuntamiento de Madrid y la Obra Social &amp;ldquo;la Caixa&amp;rdquo; &amp;ndash; que incluye dotaci�n de contenidos, renovaci�n de exposiciones y la realizaci�n de actividades varias en el campo de la divulgaci�n cient�fica. Siempre con el fin de contribuir a la difusi�n de la astronom�a y de la ciencia en general, tanto entre escolares como entre el p�blico de cualquier edad y condici�n, posee una variada oferta de  proyecciones  audiovisuales,  exposiciones  y  actividades  ( talleres, cursos, conferencias, observaciones p�blicas...). Las proyecciones que se ofrecen en el Planetario de Madrid se renuevan peri�dicamente y tienen una duraci�n aproximada de 30 minutos. Existen dos programaciones b�sicas diferentes: una activa durante el verano y �poca de vacaciones escolares, y otra durante el curso escolar. Durante el curso escolar, las proyecciones de las ma�anas de los d�as lectivos se reservan a escolares .    Video de presentaci�n del centro.   Planetario en  Google Maps.   Redes Sociales:  canal de WhatsApp, Facebook, X- antiguo twitter, YouTube, Instagram.";"Horario del centro: De martes a domingo, de 10:00 a 13:45 h y de 17 a 19:45 h. Las ma�anas de los d�as lectivos est�n dedicadas a las visitas escolares.*Horario de verano (ver arriba).     Cerrado: Todos los lunes del a�o. D�as 1 y 6 de enero; 1 de mayo; 24, 25 y 31 de diciembre.   Horario de proyecciones .";"Sala de Proyecci�n. Planta calle. Para acceder a ella es necesario adquirir una entrada. Cuatro �reas expositivas de acceso gratuito, distribuidas en dos plantas:     Sala de Astr�nomos. Planta baja. Vest�bulo de la planta baja. Vest�bulo de la planta calle. Zona Audiovisual con pantalla de retroproyecci�n. Planta calle.     Tienda: Planta calle. Sala de Video. Planta baja, en donde se desarrollan los talleres ofertados.  Zona wifi.  Accesibilidad en el Planetario de Madrid. Redes sociales:  canal de WhatsApp, Facebook, X- antiguo twitter, YouTube, Instagram.";"Metro: M�ndez �lvaro (l�nea 6). Cierre de la l�nea 6 de metro (a�o 2025). M�s informaci�n.  Cercan�as Renfe: M�ndez �lvaro (C5 y C10)  Planetario en  Google Maps.";"";"1,6";"http://www.madrid.es/sites/v/index.jsp?vgnextchannel=bfa48ab43d6bb410VgnVCM100000171f5a0aRCRD&vgnextoid=c9c5b069a541f010VgnVCM1000000b205a0aRCRD";"PLANETARIO";"AVENIDA";"V";"16";"";"";"";"";"MADRID";"MADRID";"28045";"4";"LEGAZPI";"2";"ARGANZUELA";"441868";"4471523";"40.392279999540044";"-3.684956957448299";"914 673 461 (reserva grupos)                                                                                                                                                                                                                                                                                                                                                                                                                                               
914 673 898 (contestador autom�tico de informaci�n)";"";"buzon@planetmad.es";"/contenido/entidadesYorganismos/Planetarios"
3359;"Real Bas�lica San Francisco el Grande";"Conjunto conventual que sustituy� al monasterio franciscano medieval, construido por Francisco de las Cabezas entre 1761 y 1768, que fue relevado por Antonio Polo y que concluye Francisco Sabatini en 1784 donde se exponen colecciones de pinturas de los siglos XVII al XIX.";"Visita Guiada Museo y tarifas";"";"Metro: La Latina (l�nea 5), Puerta de Toledo (l�nea 5).";"";"1";"http://www.madrid.es/sites/v/index.jsp?vgnextchannel=bfa48ab43d6bb410VgnVCM100000171f5a0aRCRD&vgnextoid=ef8d0713fb71c010VgnVCM1000000b205a0aRCRD";"SAN BUENAVENTURA";"CALLE";"V";"1";"";"";"";"";"MADRID";"MADRID";"28005";"1";"PALACIO";"1";"CENTRO";"439377";"4473603";"40.41084698628934";"-3.714492963837602";"91 575 99 66";"";"madridfcogrande@ofminmaculada.org";"/contenido/entidadesYorganismos/MonumentosEdificiosArtisticos"
2087;"Real F�brica de Tapices";"";"Lunes a viernes: de 10 a 14 horas.";"";"Metro: Men�ndez Pelayo (l�nea 1).  Bus: 10, 14, 24, 26, 32, 37, 54, 57, 141, 152, C1, C2";"";"3";"http://www.madrid.es/sites/v/index.jsp?vgnextchannel=bfa48ab43d6bb410VgnVCM100000171f5a0aRCRD&vgnextoid=53cbff632081c010VgnVCM1000000b205a0aRCRD";"FUENTERRABIA";"CALLE";"V";"2";"";"";"";"";"MADRID";"MADRID";"28014";"1";"PACIFICO";"3";"RETIRO";"442087";"4473054";"40.406094596697045";"-3.6825092130232404";"914 340 550";"";"informacion@realfabricadetapices.com";"/contenido/entidadesYorganismos/MonumentosEdificiosArtisticos"
4707297;"Real Monasterio de Santa Isabel";"Una de las obras m�s destacadas en Madrid del arquitecto real Juan G�mez de Mora.  El Real Monasterio de Santa Isabel, que da nombre a la antigua F�brica de Tapices del mismo nombre, representada por Vel�zquez en Las hilanderas, fue fundado por Felipe II en el lugar donde su secretario, Antonio P�rez, tuvo su suntuosa casa de campo. El patronato le otorg� a la iglesia una doble funci�n: un convento de Agustinas y un colegio, inicialmente destinado a las hijas de los servidores de la Casa Real.";"El acceso al templo s�lo es posible en horario de culto.";"";"Metro: Estaci�n del Arte (Atocha) (l�nea 1)  Cercan�as Renfe: Atocha (todas)";"";"3";"http://www.madrid.es/sites/v/index.jsp?vgnextchannel=bfa48ab43d6bb410VgnVCM100000171f5a0aRCRD&vgnextoid=545b544a249c6110VgnVCM1000000b205a0aRCRD";"SANTA ISABEL";"CALLE";"V";"48";"";"";"";"";"MADRID";"MADRID";"28012";"2";"EMBAJADORES";"1";"CENTRO";"440926";"4473438";"40.409468201532654";"-3.696232255860979";"";"";"";"/contenido/entidadesYorganismos/MonumentosEdificiosArtisticos"
3349;"Real Monasterio de la Encarnaci�n";"El Monasterio de La Encarnaci�n de Madrid fue fundado en 1611 por los Reyes Felipe III y Margarita de Austria-Estiria, fruto del deseo personal de la Reina, que al ver la obra realizada por la Princesa Juana de Portugal en las Descalzas Reales decidi� levantar un convento de similares caracter�sticas en las proximidades del Alc�zar, quedando unido a este por un pasadizo.  Su arquitectura es el mejor ejemplo del estilo de los Austrias posterior a la construcci�n del Real Monasterio de San Lorenzo de El Escorial.";"De martes a s�bado, de 10 a 14 horas (acceso hasta las 13 horas) y de 16 a 18:30 horas (acceso hasta las 17:30 horas)  Domingos y festivos: Monasterio, de 10 a 15 horas (acceso hasta las 14 horas)  Cierre semanal: lunes durante todo el a�o  Acceso gratuito: mi�rcoles y jueves,?de 16 a 18:30 horas (�ltimo acceso a las 17:30 horas)";"";"Metro: �pera (l�neas 2, 5 y Ramal �pera Pr�ncipe P�o), Plaza de Espa�a (l�neas 3, 10)";"";"3";"http://www.madrid.es/sites/v/index.jsp?vgnextchannel=bfa48ab43d6bb410VgnVCM100000171f5a0aRCRD&vgnextoid=72ad0713fb71c010VgnVCM1000000b205a0aRCRD";"ENCARNACION";"PLAZA";"V";"1";"";"";"";"";"MADRID";"MADRID";"28013";"1";"PALACIO";"1";"CENTRO";"439634";"4474582";"40.4196839293774";"-3.7115609584031253";"";"";"";"/contenido/entidadesYorganismos/MonumentosEdificiosArtisticos"
20605;"Templo de Debod";"Templo egipcio dedicado a Am�n de Debod y a Isis, construido entre 185 AC y el siglo I de la Era. Fue donado por Egipto a Espa�a en 1968, en agradecimiento por la ayuda en el salvamento de los templos de Abu Simbel.  Egyptian temple dedicated to Amun of Debod and Isis. It was built between 185 BC and the 1st century. It was donated by Egypt to Spain in 1968 for its help in the rescue of the temples of Abu Simbel.";"Martes a domingo y festivos, de 10 a 20  horas.   Horario verano (del 15 de junio al 15 de septiembre): Martes a domingo y festivos, de 10 a 19 horas.  Cerrado todos los lunes (incluidos lunes festivos) y los d�as 1 y 6 de enero, 1 de mayo, 24, 25 y 31 de diciembre. �ltimo acceso al templo a las 19:30 horas. El horario y la apertura de salas pueden sufrir modificaciones. Por favor, conf�rmelo en el tel�fono de informaci�n del museo.";"Obtenci�n de informaci�n sobre sus fondos y colecciones con fines de investigaci�n, ense�anza o difusi�n.   Se pueden realizar fotograf�as o grabaciones de v�deo libremente en el exterior o en el interior del templo, siempre y cuando no se utilicen flash o tr�pode y su fin no sea comercial. Para la obtenci�n de reproducciones de fotograf�as del archivo del templo de Debod con fines editoriales, de investigaci�n, difusi�n o comerciales el interesado deber� cumplimentar la solicitud de Reproducciones Fotogr�ficas. La realizaci�n de reportajes fotogr�ficos y grabaciones profesionales en el recinto del templo de Debod (estanque delantero, plataformas y edificio) s�lo ser� autorizada cuando los fines para los que se solicita sean la divulgaci�n y difusi�n cultural del monumento o de las actividades muse�sticas que en �l se desarrollen. Cualquier otra finalidad, gratuita o comercial, ser� desestimada. El horario de informaci�n telef�nica y telem�tica del Templo de Debod es de lunes a viernes de 8 a 15 horas. Fuera de este horario puede utilizar el tel�fono gratuito de L�nea Madridl 010 (914 800 010, si llama desde fuera de la ciudad de Madrid, con el prefijo 34 si llama desde fuera de Espa�a). Zona wifi.";"Metro: Plaza de Espa�a (l�neas 3 y 10) y Ventura Rodr�guez (l�nea 3) Bus: 1, 2, 3, 25, 39, 44, 46, 74, 75, 133, 138, 148, C1 y C2 Renfe: Pr�ncipe P�o  Bus tur�stico: Ruta 1. PARADA 10 - Templo de Debod Otras formas de acceso:   Aparcamiento de coches: dentro del �rea de Estacionamiento Regulado de la ciudad de Madrid.  BICIMAD (Servicio p�blico de bicicletas de la ciudad de Madrid): Estaci�n 115 (calle Evaristo San Miguel s/n.,entre Paseo Pintor Rosales y calle Ferraz)";"El templo de Debod no cuenta en la actualidad con accesos adaptados a personas con movilidad reducida y la circulaci�n en su interior es igualmente dif�cil.  Debod temple has currently no access adapted for people with reduced mobility.    El templo es un monumento hist�rico de una antig&amp;uuml;edad de 2.200 a�os. Su estructura interna, que constituye el espacio de actual de exposici�n, est� formada por distintas salas de dimensiones reducidas, con vanos estrechos y numerosas barreras, que responden a los fines y necesidades de los cultos religiosos que en �l tuvieron lugar, pero que imposibilitan la circulaci�n con sillas de ruedas convencionales.  La legislaci�n sobre accesibilidad vigente en nuestra Comunidad (Ley 8/1993 de 22 de Junio de Promoci�n de la Accesibilidad y Supresi�n de Barreras Arquitect�nicas), en su disposici�n adicional 7&amp;ordf;, exime de su aplicaci�n en los inmuebles declarados Bien de Inter�s Cultural o en aquellos edificios de valor hist�rico-art�stico. No obstante, se est� trabajando en hacer accesibles las plataformas en las que se levanta el templo y sus dos portales.";"0,6";"http://www.madrid.es/sites/v/index.jsp?vgnextchannel=bfa48ab43d6bb410VgnVCM100000171f5a0aRCRD&vgnextoid=13b432df1d51c010VgnVCM2000000c205a0aRCRD";"FERRAZ";"CALLE";"V";"1";"";"";"";"";"MADRID";"MADRID";"28008";"1";"CASA DE CAMPO";"9";"MONCLOA-ARAVACA";"439218";"4475093";"40.42425096551599";"-3.716531855540272";"913 667 415 (Museo de San Isidro / Templo de Debod)";"";"templodebod@madrid.es";"/contenido/entidadesYorganismos/MonumentosEdificiosArtisticos"
7071384;"Yacimiento paleontol�gico. Estaci�n de Metro Carpetana";"Durante las obras de remodelaci�n de la estaci�n de Carpetana se descubrieron restos paleontol�gicos con valiosos hallazgos del Mioceno, lo que ha hecho posible una reconstrucci�n de los paleoambientes en dos yacimientos verticales.  M�s informaci�n.";"Todos los d�as durante la apertura de la estaci�n, de 6 a 1:30 horas.";"";"Metro: Carpetana (l�nea 6).";"";"1";"http://www.madrid.es/sites/v/index.jsp?vgnextchannel=bfa48ab43d6bb410VgnVCM100000171f5a0aRCRD&vgnextoid=05fbb57fd3c70410VgnVCM1000000b205a0aRCRD";"VIA CARPETANA";"CALLE";"V";"141";"";"";"";"";"MADRID";"MADRID";"28047";"4";"VISTA ALEGRE";"11";"CARABANCHEL";"437086";"4471590";"40.39254099575156";"-3.7413026173286053";"";"";"";"/contenido/entidadesYorganismos/Museos"
